year,threshold,time_band,rows_in_time_band,periods_above_threshold,probability_above_threshold,avg_price,min_price,max_price,avg_imbalance,avg_wind,avg_gas,avg_interconnectors,share_imbalance_gt_150,share_imbalance_gt_300,share_wind_lt_8000,share_wind_lt_3000,share_gas_gt_15000,share_gas_gt_20000,share_interconnectors_lt_2500,share_interconnectors_gt_4500
2023,100,night,4374,1537,0.3514,135.5894,100.0,290.0,132.9088,6528.5615,8393.6597,1379.0488,0.4138,0.1705,0.6714,0.2095,0.0787,0.0046,0.6662,0.1483
2023,100,morning_ramp,2920,1526,0.5226,147.3733,100.0,275.0002,205.9715,6783.998,11751.1809,3086.3408,0.5138,0.2779,0.6448,0.2189,0.287,0.1022,0.3781,0.3526
2023,100,midday,2920,1260,0.4315,142.5483,100.0,255.0,194.3101,7251.6286,11313.65,3979.4667,0.4873,0.2532,0.6143,0.1921,0.2865,0.1302,0.2619,0.5405
2023,100,afternoon,1460,623,0.4267,144.218,100.0,304.2895,169.1406,7368.9839,12026.8539,3455.817,0.4639,0.2135,0.5971,0.1782,0.3194,0.1477,0.297,0.4205
2023,100,evening_peak,2920,1881,0.6442,155.8343,100.0,1950.0,223.4516,7299.3312,13423.6188,3449.7416,0.563,0.2951,0.6162,0.1659,0.3652,0.1233,0.3275,0.3881
2023,100,late_evening,2918,1393,0.4774,142.6315,100.0,370.0,180.2728,7400.407,11621.3927,2791.4214,0.5054,0.2247,0.6224,0.1644,0.2455,0.0811,0.4415,0.28
2023,150,night,4374,433,0.099,175.853,150.0,290.0,218.0777,7635.9515,8194.6998,1788.8406,0.5658,0.2656,0.5751,0.157,0.0785,0.0023,0.582,0.2286
2023,150,morning_ramp,2920,574,0.1966,187.1189,150.0,275.0002,283.0056,7535.9425,13107.5505,3116.101,0.6394,0.3728,0.5784,0.1551,0.4181,0.1725,0.3815,0.3641
2023,150,midday,2920,408,0.1397,186.364,150.0,255.0,238.178,8109.8358,12804.076,4342.4902,0.5956,0.3088,0.5613,0.1544,0.4093,0.2132,0.2377,0.598
2023,150,afternoon,1460,219,0.15,186.9425,150.0,304.2895,186.7115,8011.8174,13258.6986,3910.6941,0.4977,0.2055,0.5297,0.1644,0.4521,0.2237,0.274,0.5297
2023,150,evening_peak,2920,776,0.2658,199.5047,150.0,1950.0,286.0614,7641.5438,14524.0992,4117.7088,0.6727,0.3943,0.6018,0.1611,0.4923,0.1791,0.2255,0.5039
2023,150,late_evening,2918,468,0.1604,183.0742,150.0,370.0,245.1093,8429.0684,11707.3462,3660.0897,0.6282,0.2927,0.5491,0.1175,0.2927,0.0855,0.3291,0.4167
2023,200,night,4374,41,0.0094,215.1184,200.0,290.0,317.4387,6354.1707,8033.8537,3176.4878,0.8293,0.439,0.6829,0.2195,0.0488,0.0,0.2927,0.3415
2023,200,morning_ramp,2920,154,0.0527,219.9572,200.0,275.0002,369.4585,7377.0779,15647.3636,2754.1688,0.7403,0.513,0.5649,0.0974,0.6494,0.3247,0.4481,0.3442
2023,200,midday,2920,100,0.0342,215.7238,200.0,255.0,268.6356,7350.21,14597.4,4409.32,0.6,0.39,0.57,0.2,0.57,0.34,0.18,0.64
2023,200,afternoon,1460,59,0.0404,223.0265,200.0,304.2895,188.5059,7583.7966,15602.1186,3523.4915,0.5254,0.2034,0.5593,0.1525,0.5763,0.4237,0.3051,0.4576
2023,200,evening_peak,2920,263,0.0901,251.3876,200.0,1950.0,314.9929,7177.7795,16694.4106,4215.8707,0.7148,0.4449,0.6692,0.1407,0.6882,0.3764,0.2129,0.5323
2023,200,late_evening,2918,98,0.0336,221.201,200.0,370.0,281.9413,6596.8163,13211.5918,4143.4082,0.7143,0.4286,0.7245,0.0612,0.4184,0.1429,0.2653,0.5306
2023,250,night,4374,2,0.0005,272.5,255.0,290.0,209.4164,6178.0,9976.0,4028.0,0.5,0.5,1.0,0.0,0.0,0.0,0.0,0.5
2023,250,morning_ramp,2920,14,0.0048,257.0757,250.0,275.0002,407.7401,5397.8571,22308.2857,1330.4286,0.7143,0.5714,0.7143,0.1429,1.0,1.0,0.6429,0.0714
2023,250,midday,2920,5,0.0017,252.4,250.0,255.0,352.0241,5145.0,19442.4,4283.6,0.4,0.2,0.8,0.0,0.6,0.6,0.2,0.4
2023,250,afternoon,1460,7,0.0048,274.6842,257.5,304.2895,302.7189,6867.5714,18475.8571,1884.5714,0.5714,0.5714,0.5714,0.0,0.7143,0.5714,0.7143,0.2857
2023,250,evening_peak,2920,83,0.0284,324.2232,250.0,1950.0,324.0913,5543.7952,18897.8072,4022.8675,0.7229,0.4337,0.8554,0.1446,0.747,0.6145,0.2169,0.4819
2023,250,late_evening,2918,9,0.0031,277.1111,250.0,370.0,316.649,3769.0,17547.8889,3962.6667,0.7778,0.4444,1.0,0.2222,0.5556,0.5556,0.2222,0.3333
2023,300,night,4374,0,0.0,,,,,,,,,,,,,,,
2023,300,morning_ramp,2920,0,0.0,,,,,,,,,,,,,,,
2023,300,midday,2920,0,0.0,,,,,,,,,,,,,,,
2023,300,afternoon,1460,1,0.0007,304.2895,304.2895,304.2895,35.9494,7801.0,20612.0,892.0,0.0,0.0,1.0,0.0,1.0,1.0,1.0,0.0
2023,300,evening_peak,2920,18,0.0062,531.5,300.0,1950.0,293.6089,5486.3333,20181.0,3282.1111,0.5556,0.4444,0.8889,0.1111,0.7778,0.7222,0.5,0.2778
2023,300,late_evening,2918,2,0.0007,335.0,300.0,370.0,435.9158,2304.0,18458.5,3377.0,0.5,0.5,1.0,0.5,0.5,0.5,0.5,0.0
2024,100,night,4392,493,0.1122,111.0345,100.0,150.0,222.2412,6435.8763,6814.3895,2603.4037,0.5578,0.2434,0.6836,0.2049,0.0548,0.0243,0.3732,0.1805
2024,100,morning_ramp,2928,859,0.2934,117.0955,100.0,429.0,256.3329,6602.3935,10954.0105,3099.3364,0.6147,0.3527,0.6729,0.1816,0.22,0.1246,0.3306,0.3015
2024,100,midday,2928,624,0.2131,118.3851,100.0,590.4504,233.181,6479.9359,12509.9359,4036.4904,0.6026,0.3093,0.6442,0.2436,0.3494,0.1699,0.1378,0.4038
2024,100,afternoon,1464,367,0.2507,119.2544,100.0,309.06,196.678,6782.6894,13055.891,3461.9074,0.5613,0.2561,0.6104,0.2153,0.4005,0.1744,0.2698,0.2752
2024,100,evening_peak,2928,1335,0.4559,121.8039,100.0,669.212,231.3439,6563.0944,13022.3131,3362.1948,0.5596,0.3056,0.6719,0.1963,0.3228,0.1393,0.2599,0.23
2024,100,late_evening,2928,621,0.2121,113.4921,100.0,245.0,208.8179,6811.1546,10093.1836,3417.2496,0.5201,0.2448,0.6634,0.1868,0.1594,0.0692,0.285,0.2689
2024,150,night,4392,1,0.0002,150.0,150.0,150.0,87.836,2640.0,8613.0,4304.0,0.0,0.0,1.0,1.0,0.0,0.0,0.0,0.0
2024,150,morning_ramp,2928,24,0.0082,210.6749,150.0,429.0,214.0436,2936.25,22946.5417,1907.25,0.5,0.2083,1.0,0.5,0.875,0.875,0.6667,0.125
2024,150,midday,2928,14,0.0048,261.385,154.0,590.4504,80.5485,2174.5714,24021.7143,3551.1429,0.2143,0.0714,1.0,0.7857,0.9286,0.7857,0.2143,0.0714
2024,150,afternoon,1464,21,0.0143,180.1219,150.0,309.06,187.3826,2936.0476,20323.6667,3078.8571,0.7143,0.0952,0.9524,0.7619,1.0,0.4286,0.3333,0.0
2024,150,evening_peak,2928,82,0.028,208.0179,150.0,669.212,269.2549,4329.5976,20279.1829,3421.9024,0.5244,0.3049,0.8293,0.561,0.9146,0.5122,0.1951,0.0976
2024,150,late_evening,2928,13,0.0044,174.5577,150.0,245.0,161.8619,4260.3846,19393.7692,3150.6154,0.5385,0.0769,0.7692,0.6154,0.7692,0.6154,0.3077,0.1538
2024,200,night,4392,0,0.0,,,,,,,,,,,,,,,
2024,200,morning_ramp,2928,9,0.0031,285.0339,203.14,429.0,110.2591,2278.7778,26147.7778,1324.2222,0.3333,0.0,1.0,0.6667,1.0,1.0,0.8889,0.0
2024,200,midday,2928,6,0.002,383.4151,294.3,590.4504,43.5965,1427.8333,27031.3333,3281.0,0.0,0.0,1.0,1.0,1.0,1.0,0.3333,0.0
2024,200,afternoon,1464,2,0.0014,280.5,251.94,309.06,148.9919,2083.0,19615.5,2042.0,0.5,0.0,1.0,1.0,1.0,0.0,1.0,0.0
2024,200,evening_peak,2928,14,0.0048,409.9407,200.0,669.212,445.1416,2174.5714,22606.4286,3147.5714,0.4286,0.3571,1.0,1.0,0.9286,0.8571,0.1429,0.0
2024,200,late_evening,2928,2,0.0007,245.0,245.0,245.0,119.5883,1937.5,24067.0,3569.0,0.5,0.0,1.0,1.0,1.0,1.0,0.0,0.0
2024,250,night,4392,0,0.0,,,,,,,,,,,,,,,
2024,250,morning_ramp,2928,5,0.0017,340.791,300.0,429.0,149.48,1210.8,27665.0,1125.6,0.6,0.0,1.0,1.0,1.0,1.0,1.0,0.0
2024,250,midday,2928,6,0.002,383.4151,294.3,590.4504,43.5965,1427.8333,27031.3333,3281.0,0.0,0.0,1.0,1.0,1.0,1.0,0.3333,0.0
2024,250,afternoon,1464,2,0.0014,280.5,251.94,309.06,148.9919,2083.0,19615.5,2042.0,0.5,0.0,1.0,1.0,1.0,0.0,1.0,0.0
2024,250,evening_peak,2928,11,0.0038,460.47,269.0,669.212,447.9535,2228.8182,23089.7273,3084.9091,0.4545,0.3636,1.0,1.0,1.0,0.9091,0.1818,0.0
2024,250,late_evening,2928,0,0.0,,,,,,,,,,,,,,,
2024,300,night,4392,0,0.0,,,,,,,,,,,,,,,
2024,300,morning_ramp,2928,5,0.0017,340.791,300.0,429.0,149.48,1210.8,27665.0,1125.6,0.6,0.0,1.0,1.0,1.0,1.0,1.0,0.0
2024,300,midday,2928,3,0.001,472.0635,340.74,590.4504,50.2023,1325.0,26943.6667,3157.3333,0.0,0.0,1.0,1.0,1.0,1.0,0.3333,0.0
2024,300,afternoon,1464,1,0.0007,309.06,309.06,309.06,220.4543,2044.0,19817.0,2126.0,1.0,0.0,1.0,1.0,1.0,0.0,1.0,0.0
2024,300,evening_peak,2928,8,0.0027,532.2713,327.38,669.212,569.2282,2053.875,22874.875,2926.0,0.625,0.5,1.0,1.0,1.0,0.875,0.25,0.0
2024,300,late_evening,2928,0,0.0,,,,,,,,,,,,,,,
2025,100,night,4380,897,0.2048,115.6304,100.0,181.0,195.3188,6119.9331,7516.2798,3063.0033,0.5229,0.2285,0.7291,0.204,0.0569,0.0067,0.3356,0.2453
2025,100,morning_ramp,2920,1156,0.3959,121.2741,100.0,450.0,250.9662,6472.8953,11032.0813,3687.8304,0.5848,0.3261,0.6799,0.199,0.2699,0.1151,0.2483,0.4472
2025,100,midday,2920,631,0.2161,128.7405,100.0,1950.0,224.7457,6725.6894,11493.2345,4597.683,0.5341,0.2916,0.6228,0.1902,0.3059,0.1601,0.1442,0.5689
2025,100,afternoon,1460,411,0.2815,136.7277,100.0,2900.0,188.0334,6996.2603,11875.7372,4084.5547,0.4647,0.2311,0.6326,0.2214,0.326,0.1922,0.18,0.399
2025,100,evening_peak,2920,1620,0.5548,139.7677,100.0,2900.0,238.1818,7467.7809,13744.8549,3388.2679,0.571,0.316,0.5901,0.1642,0.4105,0.1796,0.2685,0.2475
2025,100,late_evening,2920,881,0.3017,117.1607,100.0,250.0,191.752,7622.0908,11164.2826,3428.2679,0.5006,0.2145,0.5789,0.151,0.2474,0.0988,0.3065,0.2577
2025,150,night,4380,23,0.0053,160.6462,150.0,181.0,268.4597,4418.4783,10134.6522,3127.3913,0.7391,0.3478,0.7826,0.6087,0.2174,0.0435,0.2609,0.2609
2025,150,morning_ramp,2920,90,0.0308,170.5833,150.0,450.0,344.8463,5268.7333,18087.3444,2537.8667,0.7444,0.5222,0.8,0.2333,0.7111,0.5111,0.4778,0.2889
2025,150,midday,2920,61,0.0209,246.9883,150.0,1950.0,311.8651,5072.1967,19133.4098,4375.8033,0.6721,0.459,0.8525,0.2459,0.7541,0.5902,0.1148,0.377
2025,150,afternoon,1460,40,0.0274,328.1028,150.0,2900.0,196.229,3823.825,21228.25,3493.55,0.525,0.175,0.95,0.575,0.925,0.775,0.275,0.125
2025,150,evening_peak,2920,229,0.0784,256.035,150.0,2900.0,296.5222,5283.2358,20189.3057,3065.4323,0.6681,0.4061,0.8384,0.3319,0.8603,0.607,0.345,0.1878
2025,150,late_evening,2920,25,0.0086,166.7937,150.0,250.0,232.3429,4022.12,16845.2,3777.76,0.44,0.28,0.88,0.44,0.6,0.36,0.24,0.4
2025,200,night,4380,0,0.0,,,,,,,,,,,,,,,
2025,200,morning_ramp,2920,5,0.0017,316.6281,241.63,450.0,247.4122,2421.6,24426.4,883.6,0.8,0.2,1.0,0.6,1.0,1.0,1.0,0.0
2025,200,midday,2920,11,0.0038,642.1174,215.0,1950.0,177.3627,3240.8182,23917.0,3654.3636,0.5455,0.1818,1.0,0.2727,1.0,1.0,0.0909,0.0
2025,200,afternoon,1460,10,0.0068,806.66,209.38,2900.0,319.5051,1951.8,22635.8,3220.6,0.8,0.3,1.0,1.0,1.0,0.9,0.3,0.0
2025,200,evening_peak,2920,41,0.014,678.4189,200.0,2900.0,371.6609,3229.4146,21102.9512,3122.7317,0.7561,0.5854,1.0,0.6585,0.7805,0.7073,0.3415,0.2195
2025,200,late_evening,2920,1,0.0003,250.0,250.0,250.0,187.9628,2421.0,22319.0,3958.0,1.0,0.0,1.0,1.0,1.0,1.0,0.0,0.0
2025,250,night,4380,0,0.0,,,,,,,,,,,,,,,
2025,250,morning_ramp,2920,3,0.001,364.7333,304.2,450.0,125.1578,854.3333,25621.6667,1464.6667,0.6667,0.0,1.0,1.0,1.0,1.0,1.0,0.0
2025,250,midday,2920,7,0.0024,883.923,250.4608,1950.0,117.5524,2749.4286,23660.2857,3721.1429,0.4286,0.0,1.0,0.2857,1.0,1.0,0.0,0.0
2025,250,afternoon,1460,4,0.0027,1666.0,264.0,2900.0,168.2205,2538.5,23733.5,3772.0,0.75,0.0,1.0,1.0,1.0,1.0,0.25,0.0
2025,250,evening_peak,2920,27,0.0092,921.6992,250.0,2900.0,358.5396,3372.5556,21137.3333,2828.963,0.7778,0.6296,1.0,0.7037,0.7407,0.7037,0.4074,0.2222
2025,250,late_evening,2920,1,0.0003,250.0,250.0,250.0,187.9628,2421.0,22319.0,3958.0,1.0,0.0,1.0,1.0,1.0,1.0,0.0,0.0
2025,300,night,4380,0,0.0,,,,,,,,,,,,,,,
2025,300,morning_ramp,2920,3,0.001,364.7333,304.2,450.0,125.1578,854.3333,25621.6667,1464.6667,0.6667,0.0,1.0,1.0,1.0,1.0,1.0,0.0
2025,300,midday,2920,4,0.0014,1345.5,487.0,1950.0,135.5916,2768.0,23777.5,3917.0,0.5,0.0,1.0,0.25,1.0,1.0,0.0,0.0
2025,300,afternoon,1460,3,0.0021,2133.3333,600.0,2900.0,156.3681,2527.6667,24854.0,4248.6667,0.6667,0.0,1.0,1.0,1.0,1.0,0.0,0.0
2025,300,evening_peak,2920,17,0.0058,1301.0245,300.0,2900.0,378.1113,3570.7647,21779.3529,3005.1765,0.8235,0.6471,1.0,0.7059,0.7647,0.7059,0.4706,0.3529
2025,300,late_evening,2920,0,0.0,,,,,,,,,,,,,,,
