year,month,month_label,monthly_regime_label,rows,avg_price,min_price,max_price,avg_imbalance,avg_wind,avg_gas,avg_interconnectors,negative_price_periods,negative_price_probability,periods_price_ge_100,probability_price_ge_100,periods_price_ge_150,probability_price_ge_150,near_spike_periods_200_to_250,near_spike_probability_200_to_250,spike_250_periods,spike_250_probability,spike_300_periods,spike_300_probability
2023,1,Jan,major_spike_month,1484,134.9331,-95.71,310.0,-8.419,10817.6739,10043.5694,2678.8814,83,0.0559,1043,0.7028,743,0.5007,279,0.188,70,0.0472,12,0.0081
2023,2,Feb,major_spike_month,1344,135.9376,-18.15,289.0,13.3541,8757.6949,11469.9576,3645.7292,2,0.0015,853,0.6347,665,0.4948,141,0.1049,21,0.0156,0,0.0
2023,3,Mar,major_spike_month,1486,127.0693,-76.0,1950.0,6.7808,8107.4004,11577.0518,3926.8923,53,0.0357,965,0.6494,632,0.4253,129,0.0868,20,0.0135,6,0.004
2023,4,Apr,broad_stress_month,1440,97.9409,-128.11,230.0,-60.1558,6100.15,10724.0792,3182.8042,33,0.0229,642,0.4458,259,0.1799,13,0.009,0,0.0,0,0.0
2023,5,May,quiet_or_normal_month,1488,74.6387,-155.2011,170.0,-90.4067,4498.5101,9680.5074,4343.1358,34,0.0228,461,0.3098,38,0.0255,0,0.0,0,0.0,0,0.0
2023,6,Jun,spike_active_month,1440,90.4754,-50.0,370.0,1.8924,4299.2222,10425.6535,2651.8306,13,0.009,658,0.4569,93,0.0646,8,0.0056,1,0.0007,1,0.0007
2023,7,Jul,negative_price_dominant_month,1487,68.0824,-185.33,239.46,-47.0184,6404.1123,8535.1654,1615.8816,164,0.1103,514,0.3457,25,0.0168,2,0.0013,0,0.0,0,0.0
2023,8,Aug,broad_stress_month,1488,78.7081,-78.25,202.1298,-50.596,5247.123,10005.4429,1947.7581,36,0.0242,535,0.3595,17,0.0114,1,0.0007,0,0.0,0,0.0
2023,9,Sep,broad_stress_month,1440,79.988,-89.7,202.0,-27.5683,5800.8743,9876.5931,1479.7708,89,0.0618,629,0.4368,34,0.0236,2,0.0014,0,0.0,0,0.0
2023,10,Oct,mixed_tail_month,1488,91.2766,-84.52,310.0,44.2355,8530.6411,8419.7305,2027.8118,107,0.0719,804,0.5403,184,0.1237,7,0.0047,3,0.002,1,0.0007
2023,11,Nov,spike_active_month,1440,90.0437,-60.0,276.09,-9.2044,8680.3562,10768.1299,3340.2986,59,0.041,676,0.4694,114,0.0792,10,0.0069,3,0.0021,0,0.0
2023,12,Dec,mixed_tail_month,1487,69.0231,-68.0,300.0,-45.602,11384.4707,9382.1392,1608.425,176,0.1184,440,0.2959,74,0.0498,3,0.002,2,0.0013,1,0.0007
2024,1,Jan,quiet_or_normal_month,1488,73.628,-74.0,150.0,27.3611,10053.8091,13159.078,2137.7594,31,0.0208,346,0.2325,1,0.0007,0,0.0,0,0.0,0,0.0
2024,2,Feb,quiet_or_normal_month,1392,57.6276,-50.0,144.0,-71.2632,9681.0338,9057.4447,3925.2284,33,0.0237,52,0.0374,0,0.0,0,0.0,0,0.0,0,0.0
2024,3,Mar,quiet_or_normal_month,1488,64.2323,-50.0,177.71,30.9151,8701.8555,8045.3112,4884.9933,80,0.0538,112,0.0753,3,0.002,0,0.0,0,0.0,0,0.0
2024,4,Apr,negative_price_dominant_month,1440,49.1191,-86.34,130.47,-86.0267,8980.9708,5505.9806,3359.9792,224,0.1556,127,0.0882,0,0.0,0,0.0,0,0.0,0,0.0
2024,5,May,quiet_or_normal_month,1488,72.025,-91.82,156.47,-11.3942,4395.1102,7292.6102,4388.1317,37,0.0249,284,0.1909,2,0.0013,0,0.0,0,0.0,0,0.0
2024,6,Jun,negative_price_dominant_month,1440,69.4318,-89.1,150.0,2.9783,5563.3104,5834.2847,4296.2264,136,0.0944,440,0.3056,1,0.0007,0,0.0,0,0.0,0,0.0
2024,7,Jul,quiet_or_normal_month,1488,71.5944,-38.71,142.3871,3.4517,4827.1593,6807.9046,4428.9718,57,0.0383,316,0.2124,0,0.0,0,0.0,0,0.0,0,0.0
2024,8,Aug,negative_price_dominant_month,1488,56.5625,-85.28,133.5026,-67.3962,7193.8871,4827.7426,2664.7433,232,0.1559,257,0.1727,0,0.0,0,0.0,0,0.0,0,0.0
2024,9,Sep,broad_stress_month,1440,77.4215,-89.1,200.0,-1.8645,6124.2924,7465.7306,3308.5264,69,0.0479,510,0.3542,11,0.0076,1,0.0007,0,0.0,0,0.0
2024,10,Oct,spike_active_month,1488,81.6616,-27.9,669.212,-8.342,7830.3347,9230.4227,2747.832,46,0.0309,549,0.369,25,0.0168,0,0.0,6,0.004,5,0.0034
2024,11,Nov,spike_active_month,1440,93.7215,-26.63,327.38,-48.0466,7498.5729,13374.9806,2965.3125,32,0.0222,638,0.4431,24,0.0167,1,0.0007,4,0.0028,1,0.0007
2024,12,Dec,spike_active_month,1488,86.2649,-75.0,590.4504,-38.5761,10742.4254,10187.8145,2152.9651,96,0.0645,668,0.4489,88,0.0591,7,0.0047,14,0.0094,11,0.0074
2025,1,Jan,major_spike_month,1488,123.8734,-71.91,2900.0,-37.5047,8353.1694,14829.5007,2848.5941,44,0.0296,779,0.5235,165,0.1109,9,0.006,23,0.0155,19,0.0128
2025,2,Feb,broad_stress_month,1344,100.7313,-43.79,197.71,-60.0673,9704.9792,12418.4792,2686.4524,33,0.0246,639,0.4754,131,0.0975,0,0.0,0,0.0,0,0.0
2025,3,Mar,broad_stress_month,1488,87.7371,-95.0,207.4,-67.5433,7248.2372,10528.0544,4529.4435,66,0.0444,610,0.4099,41,0.0276,4,0.0027,0,0.0,0,0.0
2025,4,Apr,quiet_or_normal_month,1440,74.9115,-87.32,204.1064,-24.4333,5511.4944,8071.4604,4381.1847,98,0.0681,434,0.3014,11,0.0076,2,0.0014,0,0.0,0,0.0
2025,5,May,negative_price_dominant_month,1488,69.3323,-43.79,179.0,-36.3552,6411.4066,6077.9953,3497.1559,141,0.0948,409,0.2749,12,0.0081,0,0.0,0,0.0,0,0.0
2025,6,Jun,mixed_tail_month,1440,69.2114,-78.67,423.85,-28.5814,7672.8549,5474.5618,2577.3708,227,0.1576,544,0.3778,16,0.0111,1,0.0007,6,0.0042,4,0.0028
2025,7,Jul,spike_active_month,1488,78.7619,-73.91,263.58,-18.7326,4555.7298,7495.4207,4359.9825,45,0.0302,438,0.2944,3,0.002,1,0.0007,1,0.0007,0,0.0
2025,8,Aug,negative_price_dominant_month,1488,71.1543,-43.72,199.0,-57.8735,6111.5242,6887.0739,4049.3629,124,0.0833,405,0.2722,22,0.0148,0,0.0,0,0.0,0,0.0
2025,9,Sep,negative_price_dominant_month,1440,64.6299,-87.0,179.2,-69.8975,9030.6167,6886.6125,3110.5597,192,0.1333,371,0.2576,10,0.0069,0,0.0,0,0.0,0,0.0
2025,10,Oct,mixed_tail_month,1488,75.8932,-18.38,487.0,-9.9305,9114.3071,9670.5477,2900.3065,100,0.0672,425,0.2856,40,0.0269,5,0.0034,12,0.0081,4,0.0027
2025,11,Nov,quiet_or_normal_month,1440,75.8445,-30.0,247.3104,-43.5832,11236.741,10128.6368,2397.2347,38,0.0264,347,0.241,17,0.0118,4,0.0028,0,0.0,0,0.0
2025,12,Dec,quiet_or_normal_month,1488,75.4286,-10.91,149.95,-15.8844,11326.2655,9283.1801,3577.6774,13,0.0087,195,0.131,0,0.0,0,0.0,0,0.0,0,0.0
