price_event_id,price_event_type,price_event_year,price_event_start,price_event_end,price_event_max_price,price_event_min_price,price_event_avg_imbalance,price_event_avg_wind,price_event_avg_gas,price_event_avg_interconnectors,price_event_time_band,price_event_regime_group,price_event_likely_internal_driver,query_api_from,query_api_to,remit_message_id,remit_id,remit_dataset,remit_mrid,remit_revisionNumber,remit_publishTime,remit_createdTime,remit_messageType,remit_messageHeading,remit_eventType,remit_unavailabilityType,remit_participantId,remit_registrationCode,remit_assetId,remit_assetType,remit_affectedUnit,remit_affectedUnitEIC,remit_affectedArea,remit_biddingZone,remit_fuelType,remit_normalCapacity,remit_availableCapacity,remit_unavailableCapacity,remit_eventStatus,remit_eventStartTime,remit_eventEndTime,remit_durationUncertainty,remit_cause,remit_relatedInformation,simplified_external_event_type,remit_outageProfile
2023_large_upward_jump_3152,large_upward_jump,2023,2023-03-07 17:30:00+00:00,2023-03-07 18:00:00+00:00,1950.0,1950.0,514.5561,3332.0,23431.0,2066.0,evening_peak,q1_stress,sudden_price_movement_check_internal_and_external_context,2023-03-07T15:30:00Z,2023-03-07T20:00:00Z,80293,80293,REMIT,48X000000000022A-ELXP-RMT-00147716,56,2023-03-23T16:11:44Z,2023-03-23T16:11:44Z,UnavailabilitiesOfElectricityFacilities,REMIT Event ID 46605,Production unavailability,Planned,BEGL001,48X000000000022A,T_HEYM27,,T_HEYM27,48W000000HEYM27Y,N,10YGB----------A,Nuclear,660.0,0.0,660.0,Active,2023-03-05T23:00:00Z,2023-03-23T17:00:00Z,,Interim,46605 : Interim outage,other_unavailability_or_capacity_change,"[{'startTime': '2023-03-05T23:00:00Z', 'endTime': '2023-03-05T23:30:00Z', 'capacity': 612.0}, {'startTime': '2023-03-05T23:30:00Z', 'endTime': '2023-03-06T00:00:00Z', 'capacity': 470.0}, {'startTime': '2023-03-06T00:00:00Z', 'endTime': '2023-03-06T00:30:00Z', 'capacity': 20.0}, {'startTime': '2023-03-06T00:30:00Z', 'endTime': '2023-03-19T23:30:00Z', 'capacity': 0.0}, {'startTime': '2023-03-19T23:30:00Z', 'endTime': '2023-03-20T00:00:00Z', 'capacity': 28.0}, {'startTime': '2023-03-20T00:00:00Z', 'endTime': '2023-03-20T00:30:00Z', 'capacity': 57.0}, {'startTime': '2023-03-20T00:30:00Z', 'endTime': '2023-03-20T02:00:00Z', 'capacity': 60.0}, {'startTime': '2023-03-20T02:00:00Z', 'endTime': '2023-03-20T15:00:00Z', 'capacity': 57.0}, {'startTime': '2023-03-20T15:00:00Z', 'endTime': '2023-03-20T15:30:00Z', 'capacity': 72.0}, {'startTime': '2023-03-20T15:30:00Z', 'endTime': '2023-03-20T16:00:00Z', 'capacity': 97.0}, {'startTime': '2023-03-20T16:00:00Z', 'endTime': '2023-03-20T16:30:00Z', 'capacity': 79.0}, {'startTime': '2023-03-20T16:30:00Z', 'endTime': '2023-03-20T17:00:00Z', 'capacity': 60.0}, {'startTime': '2023-03-20T17:00:00Z', 'endTime': '2023-03-20T17:30:00Z', 'capacity': 65.0}, {'startTime': '2023-03-20T17:30:00Z', 'endTime': '2023-03-20T19:00:00Z', 'capacity': 100.0}, {'startTime': '2023-03-20T19:00:00Z', 'endTime': '2023-03-20T19:30:00Z', 'capacity': 116.0}, {'startTime': '2023-03-20T19:30:00Z', 'endTime': '2023-03-20T20:00:00Z', 'capacity': 138.0}, {'startTime': '2023-03-20T20:00:00Z', 'endTime': '2023-03-20T22:00:00Z', 'capacity': 150.0}, {'startTime': '2023-03-20T22:00:00Z', 'endTime': '2023-03-20T22:30:00Z', 'capacity': 158.0}, {'startTime': '2023-03-20T22:30:00Z', 'endTime': '2023-03-20T23:00:00Z', 'capacity': 232.0}, {'startTime': '2023-03-20T23:00:00Z', 'endTime': '2023-03-21T22:00:00Z', 'capacity': 240.0}, {'startTime': '2023-03-21T22:00:00Z', 'endTime': '2023-03-21T23:00:00Z', 'capacity': 252.0}, {'startTime': '2023-03-21T23:00:00Z', 'endTime': '2023-03-21T23:30:00Z', 'capacity': 270.0}, {'startTime': '2023-03-21T23:30:00Z', 'endTime': '2023-03-22T00:00:00Z', 'capacity': 337.0}, {'startTime': '2023-03-22T00:00:00Z', 'endTime': '2023-03-23T02:30:00Z', 'capacity': 340.0}, {'startTime': '2023-03-23T02:30:00Z', 'endTime': '2023-03-23T03:00:00Z', 'capacity': 362.0}, {'startTime': '2023-03-23T03:00:00Z', 'endTime': '2023-03-23T03:30:00Z', 'capacity': 434.0}, {'startTime': '2023-03-23T03:30:00Z', 'endTime': '2023-03-23T14:00:00Z', 'capacity': 440.0}, {'startTime': '2023-03-23T14:00:00Z', 'endTime': '2023-03-23T14:30:00Z', 'capacity': 493.0}, {'startTime': '2023-03-23T14:30:00Z', 'endTime': '2023-03-23T16:30:00Z', 'capacity': 540.0}, {'startTime': '2023-03-23T16:30:00Z', 'endTime': '2023-03-23T17:00:00Z', 'capacity': 607.0}]"
2023_large_upward_jump_3152,large_upward_jump,2023,2023-03-07 17:30:00+00:00,2023-03-07 18:00:00+00:00,1950.0,1950.0,514.5561,3332.0,23431.0,2066.0,evening_peak,q1_stress,sudden_price_movement_check_internal_and_external_context,2023-03-07T15:30:00Z,2023-03-07T20:00:00Z,80364,80364,REMIT,48X000000000022A-ELXP-RMT-00147772,20,2023-03-06T11:05:44Z,2023-03-06T11:05:44Z,UnavailabilitiesOfElectricityFacilities,REMIT Event ID 47399,Production unavailability,Planned,WBURTONB,48X000000000022A,T_WBUPS-2,,T_WBUPS-2,48W00000WBUPS-2N,N,10YGB----------A,Fossil Hard coal,492.0,0.0,492.0,Dismissed,2023-03-06T07:00:00Z,2025-02-05T23:00:00Z,,Operational,47399 : De-load for operational reasons,maintenance_or_deload,"[{'startTime': '2023-03-06T07:00:00Z', 'endTime': '2025-02-05T23:00:00Z', 'capacity': 0.0}]"
2023_large_upward_jump_3152,large_upward_jump,2023,2023-03-07 17:30:00+00:00,2023-03-07 18:00:00+00:00,1950.0,1950.0,514.5561,3332.0,23431.0,2066.0,evening_peak,q1_stress,sudden_price_movement_check_internal_and_external_context,2023-03-07T15:30:00Z,2023-03-07T20:00:00Z,86950,86950,REMIT,48X000000000208X-NGET-RMT-00007836,2,2023-01-30T08:33:56Z,2023-01-30T08:33:56Z,UnavailabilitiesOfElectricityFacilities,Planned Unavailability of Generation Unit,Production unavailability,Planned,BOWL,A00124975.UK,T_BEATO-3,,T_BEATO-3,48W00000BEATO-3P,N,10YGB----------A,Wind Offshore,168.0,0.0,168.0,Dismissed,2023-03-06T08:00:00Z,2023-03-24T17:00:00Z,,B19,Planned - Future,wind_unavailability,
2023_large_upward_jump_3152,large_upward_jump,2023,2023-03-07 17:30:00+00:00,2023-03-07 18:00:00+00:00,1950.0,1950.0,514.5561,3332.0,23431.0,2066.0,evening_peak,q1_stress,sudden_price_movement_check_internal_and_external_context,2023-03-07T15:30:00Z,2023-03-07T20:00:00Z,84563,84563,REMIT,48X000000000208X-NGET-RMT-00007835,2,2023-01-30T08:34:32Z,2023-01-30T08:34:32Z,UnavailabilitiesOfElectricityFacilities,Planned Unavailability of Generation Unit,Production unavailability,Planned,BOWL,A00124975.UK,T_BEATO-1,,T_BEATO-1,48W00000BEATO-1T,N,10YGB----------A,Wind Offshore,126.0,0.0,126.0,Dismissed,2023-03-06T08:00:00Z,2023-03-24T17:00:00Z,,B19,Planned - Future,wind_unavailability,
2023_large_upward_jump_3152,large_upward_jump,2023,2023-03-07 17:30:00+00:00,2023-03-07 18:00:00+00:00,1950.0,1950.0,514.5561,3332.0,23431.0,2066.0,evening_peak,q1_stress,sudden_price_movement_check_internal_and_external_context,2023-03-07T15:30:00Z,2023-03-07T20:00:00Z,747345,747345,REMIT,48X000000000263P-NGET-RMT-00007988,5,2023-05-02T12:55:57Z,2023-05-02T12:55:57Z,UnavailabilitiesOfElectricityFacilities,Planned Unavailability of Generation Unit,Production unavailability,Planned,SWEL001,48W00000SGRWO-3H,T_SGRWO-3,Production,T_SGRWO-3,48W00000SGRWO-3H,,10YGB----------A,Wind Offshore,160.0,0.0,160.0,Dismissed,2023-03-06T10:00:00Z,2023-03-16T14:50:00Z,,B19,Planned - Ongoing,wind_unavailability,
2023_large_upward_jump_3152,large_upward_jump,2023,2023-03-07 17:30:00+00:00,2023-03-07 18:00:00+00:00,1950.0,1950.0,514.5561,3332.0,23431.0,2066.0,evening_peak,q1_stress,sudden_price_movement_check_internal_and_external_context,2023-03-07T15:30:00Z,2023-03-07T20:00:00Z,747201,747201,REMIT,48X000000000263P-NGET-RMT-00007992,5,2023-05-02T13:03:06Z,2023-05-02T13:03:06Z,UnavailabilitiesOfElectricityFacilities,Planned Unavailability of Generation Unit,Production unavailability,Planned,SWEL001,48W00000SGRWO-4F,T_SGRWO-4,Production,T_SGRWO-4,48W00000SGRWO-4F,,10YGB----------A,Wind Offshore,140.0,0.0,140.0,Dismissed,2023-03-06T10:00:00Z,2023-03-16T14:50:00Z,,B19,Planned - Ongoing,wind_unavailability,
2023_large_upward_jump_3152,large_upward_jump,2023,2023-03-07 17:30:00+00:00,2023-03-07 18:00:00+00:00,1950.0,1950.0,514.5561,3332.0,23431.0,2066.0,evening_peak,q1_stress,sudden_price_movement_check_internal_and_external_context,2023-03-07T15:30:00Z,2023-03-07T20:00:00Z,747217,747217,REMIT,48X000000000263P-NGET-RMT-00007994,5,2023-05-02T12:53:10Z,2023-05-02T12:53:10Z,UnavailabilitiesOfElectricityFacilities,Planned Unavailability of Generation Unit,Production unavailability,Planned,SWEL001,48W00000SGRWO-5D,T_SGRWO-5,Production,T_SGRWO-5,48W00000SGRWO-5D,,10YGB----------A,Wind Offshore,80.0,0.0,80.0,Dismissed,2023-03-06T10:00:00Z,2023-03-16T14:50:00Z,,B19,Planned - Ongoing,wind_unavailability,
2023_large_upward_jump_3152,large_upward_jump,2023,2023-03-07 17:30:00+00:00,2023-03-07 18:00:00+00:00,1950.0,1950.0,514.5561,3332.0,23431.0,2066.0,evening_peak,q1_stress,sudden_price_movement_check_internal_and_external_context,2023-03-07T15:30:00Z,2023-03-07T20:00:00Z,747328,747328,REMIT,48X000000000263P-NGET-RMT-00007812,8,2023-05-02T12:08:48Z,2023-05-02T12:08:48Z,UnavailabilitiesOfElectricityFacilities,Planned Unavailability of Generation Unit,Production unavailability,Planned,SWEL001,48W00000SGRWO-6B,T_SGRWO-6,Production,T_SGRWO-6,48W00000SGRWO-6B,,10YGB----------A,Wind Offshore,380.0,300.0,58.0,Dismissed,2023-03-06T10:00:00Z,2023-03-16T14:50:00Z,,B19,Planned - Ongoing,wind_unavailability,
2023_large_upward_jump_3152,large_upward_jump,2023,2023-03-07 17:30:00+00:00,2023-03-07 18:00:00+00:00,1950.0,1950.0,514.5561,3332.0,23431.0,2066.0,evening_peak,q1_stress,sudden_price_movement_check_internal_and_external_context,2023-03-07T15:30:00Z,2023-03-07T20:00:00Z,80192,80192,REMIT,48X000000000080X-NGET-RMT-00014715,2,2023-03-08T08:37:37Z,2023-03-08T08:37:37Z,UnavailabilitiesOfElectricityFacilities,REMIT INFORMATION,Production unavailability,Planned,EECL,48X000000000080X,T_RATS-3,Production,RATS-3,48W000000RATS-36,N,10YGB----------A,Fossil Hard coal,505.0,505.0,0.0,Active,2023-03-06T14:00:00Z,2023-03-08T13:00:00Z,+- 1 day,Planned Outage,"Forced run, load flexible between MEL and SEL",other_unavailability_or_capacity_change,
2023_large_upward_jump_3152,large_upward_jump,2023,2023-03-07 17:30:00+00:00,2023-03-07 18:00:00+00:00,1950.0,1950.0,514.5561,3332.0,23431.0,2066.0,evening_peak,q1_stress,sudden_price_movement_check_internal_and_external_context,2023-03-07T15:30:00Z,2023-03-07T20:00:00Z,79115,79115,REMIT,23XINTG-CROYTONG-NGET-RMT-00028622,3,2023-03-07T14:34:09Z,2023-03-07T14:34:09Z,UnavailabilitiesOfElectricityFacilities,Generated by Genstar4 from Enegen Power Systems.,Production unavailability,Planned,CECL,23XINTG-CROYTONG,T_COSO-1,,COSO-1,48W000000COSO-1F,,10YGB----------A,Fossil Gas,700.0,350.0,350.0,Dismissed,2023-03-06T14:30:00Z,2023-03-08T00:00:00Z,,Plant Fault,,thermal_gas_unavailability,
2023_large_upward_jump_3152,large_upward_jump,2023,2023-03-07 17:30:00+00:00,2023-03-07 18:00:00+00:00,1950.0,1950.0,514.5561,3332.0,23431.0,2066.0,evening_peak,q1_stress,sudden_price_movement_check_internal_and_external_context,2023-03-07T15:30:00Z,2023-03-07T20:00:00Z,747575,747575,REMIT,48X000000000263P-NGET-RMT-00007706,12,2023-05-02T12:38:07Z,2023-05-02T12:38:07Z,UnavailabilitiesOfElectricityFacilities,Planned Unavailability of Generation Unit,Production unavailability,Planned,SWEL001,48W00000SGRWO-1L,T_SGRWO-1,Production,T_SGRWO-1,48W00000SGRWO-1L,,10YGB----------A,Wind Offshore,300.0,150.0,150.0,Dismissed,2023-03-06T17:30:00Z,2023-03-16T14:50:00Z,,B19,Planned - Ongoing,wind_unavailability,
2023_large_upward_jump_3152,large_upward_jump,2023,2023-03-07 17:30:00+00:00,2023-03-07 18:00:00+00:00,1950.0,1950.0,514.5561,3332.0,23431.0,2066.0,evening_peak,q1_stress,sudden_price_movement_check_internal_and_external_context,2023-03-07T15:30:00Z,2023-03-07T20:00:00Z,76657,76657,REMIT,48X000000000080X-NGET-RMT-00014700,2,2023-02-28T08:10:59Z,2023-02-28T08:10:59Z,UnavailabilitiesOfElectricityFacilities,REMIT INFORMATION,Production unavailability,Planned,EECL,48X000000000080X,T_CNQPS-1,Production,CNQPS-1,48W00000CNQPS-1E,N,10YGB----------A,Fossil Gas,345.0,345.0,0.0,Dismissed,2023-03-07T00:00:00Z,2023-03-09T00:00:00Z,+- 1 day,Planned Outage,Outage,thermal_gas_unavailability,
2023_large_upward_jump_3152,large_upward_jump,2023,2023-03-07 17:30:00+00:00,2023-03-07 18:00:00+00:00,1950.0,1950.0,514.5561,3332.0,23431.0,2066.0,evening_peak,q1_stress,sudden_price_movement_check_internal_and_external_context,2023-03-07T15:30:00Z,2023-03-07T20:00:00Z,81446,81446,REMIT,2023030607000001-ELXP-RMT-20230306,1,2023-03-06T13:21:39Z,2023-03-06T13:21:39Z,UnavailabilitiesOfElectricityFacilities,"New: SONILTD - Unavailability of I_IEG-MOYL1 at 2023-03-07 07:00:00, expected to last until 2023-03-07 23:00:00",Other unavailability,Unplanned,SONILTD,47X000000000211M,I_IEG-MOYL1,Production,I_IEG-MOYL1,,,10YGB----------B,,0.0,0.0,500.0,Active,2023-03-07T07:00:00Z,2023-03-07T23:00:00Z,,SONI TSO restricting NI to GB flows,MW values in this message relate to the interconnector's technical capacity. Market capacity on a given day may be different from this and is the result of constraints imposed by onshore TSOs. Full details can be found at https://www.mutual-energy.com/electricity/#moyle-capacity,interconnector_unavailability,"[{'startTime': '2023-03-07T07:00:00Z', 'endTime': '2023-03-07T08:00:00Z', 'capacity': 204.0}, {'startTime': '2023-03-07T08:00:00Z', 'endTime': '2023-03-07T09:00:00Z', 'capacity': 76.0}, {'startTime': '2023-03-07T09:00:00Z', 'endTime': '2023-03-07T10:00:00Z', 'capacity': 27.0}, {'startTime': '2023-03-07T10:00:00Z', 'endTime': '2023-03-07T11:00:00Z', 'capacity': 57.0}, {'startTime': '2023-03-07T11:00:00Z', 'endTime': '2023-03-07T12:00:00Z', 'capacity': 76.0}, {'startTime': '2023-03-07T12:00:00Z', 'endTime': '2023-03-07T13:00:00Z', 'capacity': 96.0}, {'startTime': '2023-03-07T13:00:00Z', 'endTime': '2023-03-07T14:00:00Z', 'capacity': 125.0}, {'startTime': '2023-03-07T14:00:00Z', 'endTime': '2023-03-07T16:00:00Z', 'capacity': 184.0}, {'startTime': '2023-03-07T16:00:00Z', 'endTime': '2023-03-07T17:00:00Z', 'capacity': 194.0}, {'startTime': '2023-03-07T17:00:00Z', 'endTime': '2023-03-07T21:00:00Z', 'capacity': 0.0}, {'startTime': '2023-03-07T21:00:00Z', 'endTime': '2023-03-07T22:00:00Z', 'capacity': 86.0}, {'startTime': '2023-03-07T22:00:00Z', 'endTime': '2023-03-07T23:00:00Z', 'capacity': 351.0}]"
2023_large_upward_jump_3152,large_upward_jump,2023,2023-03-07 17:30:00+00:00,2023-03-07 18:00:00+00:00,1950.0,1950.0,514.5561,3332.0,23431.0,2066.0,evening_peak,q1_stress,sudden_price_movement_check_internal_and_external_context,2023-03-07T15:30:00Z,2023-03-07T20:00:00Z,731906,731906,REMIT,8370905274780090-ELXP-RMT-29049426,1,2024-04-26T08:25:14Z,2024-04-26T08:24:46Z,UnavailabilitiesOfElectricityFacilities,"New: EILIA - Unavailability of I_IEG-EWIC1 at 2023-03-07 08:00:00, expected to last until 2023-03-07 22:00:00",Transmission unavailability,Unplanned,EILIA,10Z-GB-IE-000018,I_IEG-EWIC1,Production,I_IEG-EWIC1,,,10YGB----------B,,0.0,0.0,500.0,Inactive,2023-03-07T08:00:00Z,2023-03-07T22:00:00Z,,TSO NTC Reduction,,other_unavailability_or_capacity_change,"[{'startTime': '2023-03-07T08:00:00Z', 'endTime': '2023-03-07T09:00:00Z', 'capacity': 267.0}, {'startTime': '2023-03-07T09:00:00Z', 'endTime': '2023-03-07T11:00:00Z', 'capacity': 131.0}, {'startTime': '2023-03-07T11:00:00Z', 'endTime': '2023-03-07T12:00:00Z', 'capacity': 161.0}, {'startTime': '2023-03-07T12:00:00Z', 'endTime': '2023-03-07T13:00:00Z', 'capacity': 180.0}, {'startTime': '2023-03-07T13:00:00Z', 'endTime': '2023-03-07T14:00:00Z', 'capacity': 170.0}, {'startTime': '2023-03-07T14:00:00Z', 'endTime': '2023-03-07T15:00:00Z', 'capacity': 199.0}, {'startTime': '2023-03-07T15:00:00Z', 'endTime': '2023-03-07T16:00:00Z', 'capacity': 161.0}, {'startTime': '2023-03-07T16:00:00Z', 'endTime': '2023-03-07T17:00:00Z', 'capacity': 33.0}, {'startTime': '2023-03-07T17:00:00Z', 'endTime': '2023-03-07T21:00:00Z', 'capacity': 0.0}, {'startTime': '2023-03-07T21:00:00Z', 'endTime': '2023-03-07T22:00:00Z', 'capacity': 267.0}]"
2023_large_upward_jump_3152,large_upward_jump,2023,2023-03-07 17:30:00+00:00,2023-03-07 18:00:00+00:00,1950.0,1950.0,514.5561,3332.0,23431.0,2066.0,evening_peak,q1_stress,sudden_price_movement_check_internal_and_external_context,2023-03-07T15:30:00Z,2023-03-07T20:00:00Z,81035,81035,REMIT,48X000000000001I-NGET-RMT-00055376,4,2023-03-07T13:15:41Z,2023-03-07T13:15:41Z,UnavailabilitiesOfElectricityFacilities,REMIT INFORMATION,Production unavailability,Unplanned,DRAX,48X000000000001I,T_DRAXX-3,Production,DRAXX-3,48W00000DRAXX-3A,N,10YGB----------A,Biomass,645.0,590.0,55.0,Dismissed,2023-03-07T12:22:00Z,2023-03-12T18:05:30Z,,Boiler / Fuel Supply,,other_unavailability_or_capacity_change,
2023_large_upward_jump_3152,large_upward_jump,2023,2023-03-07 17:30:00+00:00,2023-03-07 18:00:00+00:00,1950.0,1950.0,514.5561,3332.0,23431.0,2066.0,evening_peak,q1_stress,sudden_price_movement_check_internal_and_external_context,2023-03-07T15:30:00Z,2023-03-07T20:00:00Z,78756,78756,REMIT,48X000000000001I-NGET-RMT-00055380,2,2023-03-07T15:51:53Z,2023-03-07T15:51:53Z,UnavailabilitiesOfElectricityFacilities,REMIT INFORMATION,Production unavailability,Unplanned,DRAX,48X000000000001I,T_DRAXX-3,Production,DRAXX-3,48W00000DRAXX-3A,N,10YGB----------A,Biomass,645.0,590.0,55.0,Inactive,2023-03-07T12:22:00Z,2023-03-07T15:53:08Z,,Boiler / Fuel Supply,,other_unavailability_or_capacity_change,
2023_large_upward_jump_3152,large_upward_jump,2023,2023-03-07 17:30:00+00:00,2023-03-07 18:00:00+00:00,1950.0,1950.0,514.5561,3332.0,23431.0,2066.0,evening_peak,q1_stress,sudden_price_movement_check_internal_and_external_context,2023-03-07T15:30:00Z,2023-03-07T20:00:00Z,81685,81685,REMIT,48X000000000001I-NGET-RMT-00055379,2,2023-03-07T14:39:01Z,2023-03-07T14:39:01Z,UnavailabilitiesOfElectricityFacilities,REMIT INFORMATION,Production unavailability,Unplanned,DRAX,48X000000000001I,T_DRAXX-5,Production,DRAXX-5,48W00000DRAXX-56,N,10YGB----------A,Fossil Hard coal,645.0,0.0,645.0,Inactive,2023-03-07T14:40:18Z,2023-03-07T20:58:40Z,,Turbine generator/Feed system,,other_unavailability_or_capacity_change,
2023_large_upward_jump_3152,large_upward_jump,2023,2023-03-07 17:30:00+00:00,2023-03-07 18:00:00+00:00,1950.0,1950.0,514.5561,3332.0,23431.0,2066.0,evening_peak,q1_stress,sudden_price_movement_check_internal_and_external_context,2023-03-07T15:30:00Z,2023-03-07T20:00:00Z,80565,80565,REMIT,48X000000000021C-NGET-RMT-00033750,2,2023-03-06T08:00:13Z,2023-03-06T08:00:13Z,UnavailabilitiesOfElectricityFacilities,Generated by Genstar4 from Enegen Power Systems.,Production unavailability,Planned,ICHPLLP,48X000000000021C,T_HUMR-1,,HUMR-1,48W100000HUMR-1N,,10YGB----------A,Fossil Gas,1230.0,777.0,453.0,Dismissed,2023-03-07T15:00:00Z,2023-03-07T17:00:00Z,,Planned Maintenance,,thermal_gas_unavailability,
2023_large_upward_jump_3152,large_upward_jump,2023,2023-03-07 17:30:00+00:00,2023-03-07 18:00:00+00:00,1950.0,1950.0,514.5561,3332.0,23431.0,2066.0,evening_peak,q1_stress,sudden_price_movement_check_internal_and_external_context,2023-03-07T15:30:00Z,2023-03-07T20:00:00Z,79883,79883,REMIT,48X000000000189B-NGET-RMT-00004567,4,2023-03-07T17:10:00Z,2023-03-07T17:10:00Z,UnavailabilitiesOfElectricityFacilities,REMIT Information,Production unavailability,Unplanned,HUMPOWER,48X000000000189B,T_SHBA-1,Production,SHBA-1,48W000000SHBA-1C,B8,10YGB----------A,Fossil Gas,810.0,0.0,810.0,Active,2023-03-07T15:30:00Z,2023-03-07T17:30:00Z,,Steam Turbine,,thermal_gas_unavailability,
2023_large_upward_jump_3152,large_upward_jump,2023,2023-03-07 17:30:00+00:00,2023-03-07 18:00:00+00:00,1950.0,1950.0,514.5561,3332.0,23431.0,2066.0,evening_peak,q1_stress,sudden_price_movement_check_internal_and_external_context,2023-03-07T15:30:00Z,2023-03-07T20:00:00Z,81906,81906,REMIT,48X000000000001I-NGET-RMT-00055381,3,2023-03-07T16:21:21Z,2023-03-07T16:21:21Z,UnavailabilitiesOfElectricityFacilities,REMIT INFORMATION,Production unavailability,Unplanned,DRAX,48X000000000001I,T_DRAXX-3,Production,DRAXX-3,48W00000DRAXX-3A,N,10YGB----------A,Biomass,645.0,520.0,125.0,Inactive,2023-03-07T15:53:08Z,2023-03-07T16:26:00Z,,Boiler / Fuel Supply,,other_unavailability_or_capacity_change,
2023_large_upward_jump_3152,large_upward_jump,2023,2023-03-07 17:30:00+00:00,2023-03-07 18:00:00+00:00,1950.0,1950.0,514.5561,3332.0,23431.0,2066.0,evening_peak,q1_stress,sudden_price_movement_check_internal_and_external_context,2023-03-07T15:30:00Z,2023-03-07T20:00:00Z,80880,80880,REMIT,23XINTG-CROYTONG-NGET-RMT-00028628,2,2023-03-07T17:00:05Z,2023-03-07T17:00:05Z,UnavailabilitiesOfElectricityFacilities,Generated by Genstar4 from Enegen Power Systems.,Production unavailability,Unplanned,CECL,23XINTG-CROYTONG,T_COSO-1,,COSO-1,48W000000COSO-1F,,10YGB----------A,Fossil Gas,700.0,25.0,675.0,Inactive,2023-03-07T16:00:00Z,2023-03-07T17:00:00Z,,Plant Fault,,thermal_gas_unavailability,
2023_large_upward_jump_3152,large_upward_jump,2023,2023-03-07 17:30:00+00:00,2023-03-07 18:00:00+00:00,1950.0,1950.0,514.5561,3332.0,23431.0,2066.0,evening_peak,q1_stress,sudden_price_movement_check_internal_and_external_context,2023-03-07T15:30:00Z,2023-03-07T20:00:00Z,81166,81166,REMIT,48X000000000001I-NGET-RMT-00055383,4,2023-03-07T20:35:28Z,2023-03-07T20:35:28Z,UnavailabilitiesOfElectricityFacilities,REMIT INFORMATION,Production unavailability,Unplanned,DRAX,48X000000000001I,T_DRAXX-3,Production,DRAXX-3,48W00000DRAXX-3A,N,10YGB----------A,Biomass,645.0,530.0,115.0,Inactive,2023-03-07T16:26:00Z,2023-03-07T20:37:27Z,,Boiler / Fuel Supply,,other_unavailability_or_capacity_change,
2023_large_upward_jump_3152,large_upward_jump,2023,2023-03-07 17:30:00+00:00,2023-03-07 18:00:00+00:00,1950.0,1950.0,514.5561,3332.0,23431.0,2066.0,evening_peak,q1_stress,sudden_price_movement_check_internal_and_external_context,2023-03-07T15:30:00Z,2023-03-07T20:00:00Z,81897,81897,REMIT,48X000000000001I-NGET-RMT-00055382,2,2023-03-07T15:51:53Z,2023-03-07T15:51:53Z,UnavailabilitiesOfElectricityFacilities,REMIT INFORMATION,Production unavailability,Planned,DRAX,48X000000000001I,T_DRAXX-3,Production,DRAXX-3,48W00000DRAXX-3A,N,10YGB----------A,Biomass,645.0,590.0,55.0,Dismissed,2023-03-07T16:37:00Z,2023-03-12T18:05:30Z,,Boiler / Fuel Supply,,other_unavailability_or_capacity_change,
2023_large_upward_jump_3152,large_upward_jump,2023,2023-03-07 17:30:00+00:00,2023-03-07 18:00:00+00:00,1950.0,1950.0,514.5561,3332.0,23431.0,2066.0,evening_peak,q1_stress,sudden_price_movement_check_internal_and_external_context,2023-03-07T15:30:00Z,2023-03-07T20:00:00Z,81670,81670,REMIT,23XINTG-CROYTONG-NGET-RMT-00028630,5,2023-03-07T17:30:04Z,2023-03-07T17:30:04Z,UnavailabilitiesOfElectricityFacilities,Generated by Genstar4 from Enegen Power Systems.,Production unavailability,Planned,CECL,23XINTG-CROYTONG,T_COSO-1,,COSO-1,48W000000COSO-1F,,10YGB----------A,Fossil Gas,700.0,69.0,631.0,Inactive,2023-03-07T17:00:00Z,2023-03-07T17:30:00Z,,Plant Fault,,thermal_gas_unavailability,
2023_large_upward_jump_3152,large_upward_jump,2023,2023-03-07 17:30:00+00:00,2023-03-07 18:00:00+00:00,1950.0,1950.0,514.5561,3332.0,23431.0,2066.0,evening_peak,q1_stress,sudden_price_movement_check_internal_and_external_context,2023-03-07T15:30:00Z,2023-03-07T20:00:00Z,80449,80449,REMIT,48X000000000021C-NGET-RMT-00033751,2,2023-03-06T08:00:15Z,2023-03-06T08:00:15Z,UnavailabilitiesOfElectricityFacilities,Generated by Genstar4 from Enegen Power Systems.,Production unavailability,Planned,ICHPLLP,48X000000000021C,T_HUMR-1,,HUMR-1,48W100000HUMR-1N,,10YGB----------A,Fossil Gas,1230.0,768.0,462.0,Dismissed,2023-03-07T17:00:00Z,2023-03-07T18:30:00Z,,Planned Maintenance,,thermal_gas_unavailability,
2023_large_upward_jump_3152,large_upward_jump,2023,2023-03-07 17:30:00+00:00,2023-03-07 18:00:00+00:00,1950.0,1950.0,514.5561,3332.0,23431.0,2066.0,evening_peak,q1_stress,sudden_price_movement_check_internal_and_external_context,2023-03-07T15:30:00Z,2023-03-07T20:00:00Z,80268,80268,REMIT,23XINTG-CROYTONG-NGET-RMT-00028629,2,2023-03-07T16:34:27Z,2023-03-07T16:34:27Z,UnavailabilitiesOfElectricityFacilities,Generated by Genstar4 from Enegen Power Systems.,Production unavailability,Planned,CECL,23XINTG-CROYTONG,T_COSO-1,,COSO-1,48W000000COSO-1F,,10YGB----------A,Fossil Gas,700.0,350.0,350.0,Dismissed,2023-03-07T17:00:00Z,2023-03-08T01:00:00Z,,Planned Maintenance,,thermal_gas_unavailability,
2023_large_upward_jump_3152,large_upward_jump,2023,2023-03-07 17:30:00+00:00,2023-03-07 18:00:00+00:00,1950.0,1950.0,514.5561,3332.0,23431.0,2066.0,evening_peak,q1_stress,sudden_price_movement_check_internal_and_external_context,2023-03-07T15:30:00Z,2023-03-07T20:00:00Z,80871,80871,REMIT,23XINTG-CROYTONG-NGET-RMT-00028631,3,2023-03-08T01:00:13Z,2023-03-08T01:00:13Z,UnavailabilitiesOfElectricityFacilities,Generated by Genstar4 from Enegen Power Systems.,Production unavailability,Planned,CECL,23XINTG-CROYTONG,T_COSO-1,,COSO-1,48W000000COSO-1F,,10YGB----------A,Fossil Gas,700.0,350.0,350.0,Inactive,2023-03-07T17:30:00Z,2023-03-08T01:00:00Z,,Plant Fault,,thermal_gas_unavailability,
2023_large_upward_jump_3152,large_upward_jump,2023,2023-03-07 17:30:00+00:00,2023-03-07 18:00:00+00:00,1950.0,1950.0,514.5561,3332.0,23431.0,2066.0,evening_peak,q1_stress,sudden_price_movement_check_internal_and_external_context,2023-03-07T15:30:00Z,2023-03-07T20:00:00Z,79026,79026,REMIT,48X000000000021C-NGET-RMT-00033753,2,2023-03-06T08:00:16Z,2023-03-06T08:00:16Z,UnavailabilitiesOfElectricityFacilities,Generated by Genstar4 from Enegen Power Systems.,Production unavailability,Planned,ICHPLLP,48X000000000021C,T_HUMR-1,,HUMR-1,48W100000HUMR-1N,,10YGB----------A,Fossil Gas,1230.0,769.0,461.0,Dismissed,2023-03-07T18:30:00Z,2023-03-07T21:30:00Z,,Planned Maintenance,,thermal_gas_unavailability,
2023_large_upward_jump_3152,large_upward_jump,2023,2023-03-07 17:30:00+00:00,2023-03-07 18:00:00+00:00,1950.0,1950.0,514.5561,3332.0,23431.0,2066.0,evening_peak,q1_stress,sudden_price_movement_check_internal_and_external_context,2023-03-07T15:30:00Z,2023-03-07T20:00:00Z,80743,80743,REMIT,48X000000000189B-NGET-RMT-00004570,4,2023-03-08T01:07:00Z,2023-03-08T01:07:00Z,UnavailabilitiesOfElectricityFacilities,REMIT Information,Production unavailability,Unplanned,HUMPOWER,48X000000000189B,T_SHBA-1,Production,SHBA-1,48W000000SHBA-1C,B8,10YGB----------A,Fossil Gas,810.0,527.0,283.0,Active,2023-03-07T20:00:00Z,2023-03-08T01:30:00Z,,Gas Turbine,,thermal_gas_unavailability,
2023_large_upward_jump_3152,large_upward_jump,2023,2023-03-07 17:30:00+00:00,2023-03-07 18:00:00+00:00,1950.0,1950.0,514.5561,3332.0,23431.0,2066.0,evening_peak,q1_stress,sudden_price_movement_check_internal_and_external_context,2023-03-07T15:30:00Z,2023-03-07T20:00:00Z,725270,725270,REMIT,48X000000000068N-NGET-RMT-00691852,1,2024-03-28T05:21:41Z,2024-03-28T03:54:15Z,UnavailabilitiesOfElectricityFacilities,ST Trip,Production unavailability,Unplanned,MPL,48X000000000068N,MRWD-1,Production,MRWD-1,48W000000MRWD-1P,B10,10YGB----------A,Fossil Gas,405.0,280.0,125.0,Active,2024-03-28T03:30:00Z,2022-03-28T04:45:00Z,Hours,ST Trip,"~/GT11,2024-03-28 03:30:00,2022-03-28 04:45:00,0
~/GT12,2024-03-28 03:30:00,2022-03-28 04:45:00,280
~/ST1,2024-03-28 03:30:00,2022-03-28 04:45:00,0

MRWD-1 also includes zones B12/13",thermal_gas_unavailability,
2024_positive_spike_cluster_1,positive_spike_cluster,2024,2024-10-14 15:00:00+00:00,2024-10-14 17:30:00+00:00,669.212,251.94,763.8646,2286.5,20016.6667,2348.0,evening_peak,oct_nov_transition,high_gas+low_wind+positive_imbalance+lower_interconnector_support,2024-10-14T13:00:00Z,2024-10-14T19:30:00Z,791207,791207,REMIT,48X0000000003210-NGET-RMT-00118256,13,2024-10-14T14:01:12Z,2024-10-14T15:00:08Z,UnavailabilitiesOfElectricityFacilities,Planned Unavailability of Generation Unit,Production unavailability,Planned,ROBINRIG,48X0000000003210,T_RREW-1,Production,RREW-1,48W000000RREW-14,,10YGB----------A,Wind Offshore,90.0,0.0,0.0,Inactive,2024-10-14T10:00:00Z,2024-10-14T14:00:00Z,,Other,Status changed to Completed,wind_unavailability,"[{'startTime': '2024-10-14T10:00:00Z', 'endTime': '2024-10-14T10:00:00Z', 'capacity': 0.0}, {'startTime': '2024-10-14T10:00:00Z', 'endTime': '2024-10-14T13:57:30Z', 'capacity': 0.0}, {'startTime': '2024-10-14T13:57:30Z', 'endTime': '2024-10-14T13:59:10Z', 'capacity': 50.0}, {'startTime': '2024-10-14T13:59:10Z', 'endTime': '2024-10-14T14:00:00Z', 'capacity': 75.0}]"
2024_positive_spike_cluster_1,positive_spike_cluster,2024,2024-10-14 15:00:00+00:00,2024-10-14 17:30:00+00:00,669.212,251.94,763.8646,2286.5,20016.6667,2348.0,evening_peak,oct_nov_transition,high_gas+low_wind+positive_imbalance+lower_interconnector_support,2024-10-14T13:00:00Z,2024-10-14T19:30:00Z,791174,791174,REMIT,48X000000000283J-NGET-RMT-00038931,2,2024-10-14T11:19:09Z,2024-10-14T12:18:50Z,UnavailabilitiesOfElectricityFacilities,Generated by Genstar4 from Enegen Power Systems.,Production unavailability,Planned,SPGEN01,48X000000000283J,T_RYHPS-1,,RYHPS-1,48W00000RYHPS-1J,,10YGB----------A,Fossil Gas,715.0,455.0,260.0,Dismissed,2024-10-14T11:00:00Z,2024-10-14T14:30:00Z,,Ambient,,thermal_gas_unavailability,
2024_positive_spike_cluster_1,positive_spike_cluster,2024,2024-10-14 15:00:00+00:00,2024-10-14 17:30:00+00:00,669.212,251.94,763.8646,2286.5,20016.6667,2348.0,evening_peak,oct_nov_transition,high_gas+low_wind+positive_imbalance+lower_interconnector_support,2024-10-14T13:00:00Z,2024-10-14T19:30:00Z,791080,791080,REMIT,48X000000000065T-NGET-RMT-00005009,2,2024-10-13T18:37:11Z,2024-10-13T19:36:28Z,UnavailabilitiesOfElectricityFacilities,Generated by Genstar4 from Enegen Power Systems.,Production unavailability,Planned,CENPB,48X000000000065T,E_PETEM1,,PETEM1,48WSTN00000PETEV,,10YGB----------A,Other,240.0,120.0,120.0,Dismissed,2024-10-14T11:00:00Z,2024-10-17T04:00:00Z,,Nozzle replacement,,other_unavailability_or_capacity_change,
2024_positive_spike_cluster_1,positive_spike_cluster,2024,2024-10-14 15:00:00+00:00,2024-10-14 17:30:00+00:00,669.212,251.94,763.8646,2286.5,20016.6667,2348.0,evening_peak,oct_nov_transition,high_gas+low_wind+positive_imbalance+lower_interconnector_support,2024-10-14T13:00:00Z,2024-10-14T19:30:00Z,791226,791226,REMIT,48X000000000065T-NGET-RMT-00005022,2,2024-10-14T15:01:11Z,2024-10-14T16:00:04Z,UnavailabilitiesOfElectricityFacilities,Generated by Genstar4 from Enegen Power Systems.,Production unavailability,Planned,CENPB,48X000000000065T,E_PETEM1,,PETEM1,48WSTN00000PETEV,,10YGB----------A,Other,240.0,0.0,240.0,Inactive,2024-10-14T11:30:00Z,2024-10-14T15:00:00Z,,Nozzle replacement,,other_unavailability_or_capacity_change,
2024_positive_spike_cluster_1,positive_spike_cluster,2024,2024-10-14 15:00:00+00:00,2024-10-14 17:30:00+00:00,669.212,251.94,763.8646,2286.5,20016.6667,2348.0,evening_peak,oct_nov_transition,high_gas+low_wind+positive_imbalance+lower_interconnector_support,2024-10-14T13:00:00Z,2024-10-14T19:30:00Z,790610,790610,REMIT,48X000000000263P-NGET-RMT-00009488,5,2024-10-09T15:02:08Z,2024-10-09T15:01:50Z,UnavailabilitiesOfElectricityFacilities,Planned Unavailability of Generation Unit,Production unavailability,Planned,SWEL001,A0018786K.IE,T_SGRWO-3,,T_SGRWO-3,48W00000SGRWO-3H,N,10YGB----------A,Wind Offshore,160.0,0.0,160.0,Active,2024-10-14T11:30:00Z,2024-10-14T13:00:00Z,,B19,Planned - Future,wind_unavailability,
2024_positive_spike_cluster_1,positive_spike_cluster,2024,2024-10-14 15:00:00+00:00,2024-10-14 17:30:00+00:00,669.212,251.94,763.8646,2286.5,20016.6667,2348.0,evening_peak,oct_nov_transition,high_gas+low_wind+positive_imbalance+lower_interconnector_support,2024-10-14T13:00:00Z,2024-10-14T19:30:00Z,790611,790611,REMIT,48X000000000263P-NGET-RMT-00009489,4,2024-10-09T15:03:10Z,2024-10-09T15:02:26Z,UnavailabilitiesOfElectricityFacilities,Planned Unavailability of Generation Unit,Production unavailability,Planned,SWEL001,A0018786K.IE,T_SGRWO-4,,T_SGRWO-4,48W00000SGRWO-4F,N,10YGB----------A,Wind Offshore,140.0,0.0,140.0,Active,2024-10-14T11:30:00Z,2024-10-14T13:00:00Z,,B19,Planned - Future,wind_unavailability,
2024_positive_spike_cluster_1,positive_spike_cluster,2024,2024-10-14 15:00:00+00:00,2024-10-14 17:30:00+00:00,669.212,251.94,763.8646,2286.5,20016.6667,2348.0,evening_peak,oct_nov_transition,high_gas+low_wind+positive_imbalance+lower_interconnector_support,2024-10-14T13:00:00Z,2024-10-14T19:30:00Z,791151,791151,REMIT,48X000000000065T-NGET-RMT-00005012,2,2024-10-14T08:31:10Z,2024-10-14T09:30:20Z,UnavailabilitiesOfElectricityFacilities,Generated by Genstar4 from Enegen Power Systems.,Production unavailability,Planned,CENPB,48X000000000065T,E_PETEM1,,PETEM1,48WSTN00000PETEV,,10YGB----------A,Other,240.0,120.0,120.0,Dismissed,2024-10-14T11:30:00Z,2024-10-17T04:00:00Z,,Nozzle replacement,,other_unavailability_or_capacity_change,
2024_positive_spike_cluster_1,positive_spike_cluster,2024,2024-10-14 15:00:00+00:00,2024-10-14 17:30:00+00:00,669.212,251.94,763.8646,2286.5,20016.6667,2348.0,evening_peak,oct_nov_transition,high_gas+low_wind+positive_imbalance+lower_interconnector_support,2024-10-14T13:00:00Z,2024-10-14T19:30:00Z,790612,790612,REMIT,48X000000000263P-NGET-RMT-00009490,4,2024-10-09T15:04:10Z,2024-10-09T15:03:42Z,UnavailabilitiesOfElectricityFacilities,Planned Unavailability of Generation Unit,Production unavailability,Planned,SWEL001,A0018786K.IE,T_SGRWO-5,,T_SGRWO-5,48W00000SGRWO-5D,N,10YGB----------A,Wind Offshore,80.0,0.0,80.0,Active,2024-10-14T11:30:00Z,2024-10-14T13:00:00Z,,B19,Planned - Future,wind_unavailability,
2024_positive_spike_cluster_1,positive_spike_cluster,2024,2024-10-14 15:00:00+00:00,2024-10-14 17:30:00+00:00,669.212,251.94,763.8646,2286.5,20016.6667,2348.0,evening_peak,oct_nov_transition,high_gas+low_wind+positive_imbalance+lower_interconnector_support,2024-10-14T13:00:00Z,2024-10-14T19:30:00Z,791171,791171,REMIT,48X000000000277E-NGET-RMT-00005028,2,2024-10-14T11:18:09Z,2024-10-14T12:17:14Z,UnavailabilitiesOfElectricityFacilities,Generated by Genstar4 from Enegen Power Systems.,Production unavailability,Planned,FDUN1,48X000000000277E,E_VKING-2,,VKING-2,48W00000VKING-2O,,10YGB----------A,Fossil Gas,45.0,0.0,45.0,Dismissed,2024-10-14T11:30:00Z,2024-10-14T14:00:00Z,,Planned Shutdown,,thermal_gas_unavailability,
2024_positive_spike_cluster_1,positive_spike_cluster,2024,2024-10-14 15:00:00+00:00,2024-10-14 17:30:00+00:00,669.212,251.94,763.8646,2286.5,20016.6667,2348.0,evening_peak,oct_nov_transition,high_gas+low_wind+positive_imbalance+lower_interconnector_support,2024-10-14T13:00:00Z,2024-10-14T19:30:00Z,791166,791166,REMIT,48X000000000045Z-NGET-RMT-00132887,2,2024-10-14T10:34:09Z,2024-10-14T10:33:00Z,UnavailabilitiesOfElectricityFacilities,REMIT Information,Production unavailability,Unplanned,WESTBURB,48X000000000045Z,T_WBURB-2,Production,WBURB-2,48W00000WBURB-27,B1,10YGB----------A,Fossil Gas,450.0,420.0,30.0,Active,2024-10-14T12:00:00Z,2024-10-14T16:30:00Z,,Unplanned,"
",thermal_gas_unavailability,
2024_positive_spike_cluster_1,positive_spike_cluster,2024,2024-10-14 15:00:00+00:00,2024-10-14 17:30:00+00:00,669.212,251.94,763.8646,2286.5,20016.6667,2348.0,evening_peak,oct_nov_transition,high_gas+low_wind+positive_imbalance+lower_interconnector_support,2024-10-14T13:00:00Z,2024-10-14T19:30:00Z,791219,791219,REMIT,48X000000000277E-NGET-RMT-00005031,2,2024-10-14T14:31:09Z,2024-10-14T15:30:03Z,UnavailabilitiesOfElectricityFacilities,Generated by Genstar4 from Enegen Power Systems.,Production unavailability,Planned,FDUN1,48X000000000277E,E_VKING-2,,VKING-2,48W00000VKING-2O,,10YGB----------A,Fossil Gas,45.0,0.0,45.0,Inactive,2024-10-14T12:30:00Z,2024-10-14T14:30:00Z,,Planned Shutdown,,thermal_gas_unavailability,
2024_positive_spike_cluster_1,positive_spike_cluster,2024,2024-10-14 15:00:00+00:00,2024-10-14 17:30:00+00:00,669.212,251.94,763.8646,2286.5,20016.6667,2348.0,evening_peak,oct_nov_transition,high_gas+low_wind+positive_imbalance+lower_interconnector_support,2024-10-14T13:00:00Z,2024-10-14T19:30:00Z,790613,790613,REMIT,48X000000000263P-NGET-RMT-00009486,5,2024-10-09T15:05:09Z,2024-10-09T15:04:24Z,UnavailabilitiesOfElectricityFacilities,Planned Unavailability of Generation Unit,Production unavailability,Planned,SWEL001,A0018786K.IE,T_SGRWO-1,,T_SGRWO-1,48W00000SGRWO-1L,N,10YGB----------A,Wind Offshore,300.0,0.0,300.0,Active,2024-10-14T13:00:00Z,2024-10-14T14:30:00Z,,B19,Planned - Future,wind_unavailability,
2024_positive_spike_cluster_1,positive_spike_cluster,2024,2024-10-14 15:00:00+00:00,2024-10-14 17:30:00+00:00,669.212,251.94,763.8646,2286.5,20016.6667,2348.0,evening_peak,oct_nov_transition,high_gas+low_wind+positive_imbalance+lower_interconnector_support,2024-10-14T13:00:00Z,2024-10-14T19:30:00Z,790614,790614,REMIT,48X000000000263P-NGET-RMT-00009487,5,2024-10-09T15:06:10Z,2024-10-09T15:05:04Z,UnavailabilitiesOfElectricityFacilities,Planned Unavailability of Generation Unit,Production unavailability,Planned,SWEL001,A0018786K.IE,T_SGRWO-2,,T_SGRWO-2,48W00000SGRWO-2J,N,10YGB----------A,Wind Offshore,80.0,0.0,80.0,Active,2024-10-14T13:00:00Z,2024-10-14T14:30:00Z,,B19,Planned - Future,wind_unavailability,
2024_positive_spike_cluster_1,positive_spike_cluster,2024,2024-10-14 15:00:00+00:00,2024-10-14 17:30:00+00:00,669.212,251.94,763.8646,2286.5,20016.6667,2348.0,evening_peak,oct_nov_transition,high_gas+low_wind+positive_imbalance+lower_interconnector_support,2024-10-14T13:00:00Z,2024-10-14T19:30:00Z,791205,791205,REMIT,48X000000000277E-NGET-RMT-00005027,2,2024-10-14T14:01:10Z,2024-10-14T15:00:06Z,UnavailabilitiesOfElectricityFacilities,Generated by Genstar4 from Enegen Power Systems.,Production unavailability,Planned,FDUN1,48X000000000277E,E_EXETR-2,,EXETR-2,48W00000EXETR-2J,,10YGB----------A,Fossil Gas,45.0,0.0,45.0,Inactive,2024-10-14T13:30:00Z,2024-10-14T14:00:00Z,,Planned Shutdown,,thermal_gas_unavailability,
2024_positive_spike_cluster_1,positive_spike_cluster,2024,2024-10-14 15:00:00+00:00,2024-10-14 17:30:00+00:00,669.212,251.94,763.8646,2286.5,20016.6667,2348.0,evening_peak,oct_nov_transition,high_gas+low_wind+positive_imbalance+lower_interconnector_support,2024-10-14T13:00:00Z,2024-10-14T19:30:00Z,791229,791229,REMIT,48X0000000003210-NGET-RMT-00118868,4,2024-10-14T15:33:10Z,2024-10-14T16:32:17Z,UnavailabilitiesOfElectricityFacilities,Actual Availablity of Generation Unit,Production unavailability,Unplanned,ROBINRIG,48X0000000003210,T_RREW-1,Production,RREW-1,48W000000RREW-14,,10YGB----------A,Wind Offshore,90.0,0.0,75.0,Inactive,2024-10-14T14:01:59Z,2024-10-14T15:32:00Z,,Planned Outage,Status changed to Completed,wind_unavailability,"[{'startTime': '2024-10-14T14:01:59Z', 'endTime': '2024-10-14T14:01:59Z', 'capacity': 75.0}, {'startTime': '2024-10-14T14:01:59Z', 'endTime': '2024-10-14T14:02:00Z', 'capacity': 0.0}, {'startTime': '2024-10-14T14:02:00Z', 'endTime': '2024-10-14T15:29:24Z', 'capacity': 0.0}, {'startTime': '2024-10-14T15:29:24Z', 'endTime': '2024-10-14T15:31:04Z', 'capacity': 50.0}, {'startTime': '2024-10-14T15:31:04Z', 'endTime': '2024-10-14T15:32:00Z', 'capacity': 78.0}]"
2024_positive_spike_cluster_1,positive_spike_cluster,2024,2024-10-14 15:00:00+00:00,2024-10-14 17:30:00+00:00,669.212,251.94,763.8646,2286.5,20016.6667,2348.0,evening_peak,oct_nov_transition,high_gas+low_wind+positive_imbalance+lower_interconnector_support,2024-10-14T13:00:00Z,2024-10-14T19:30:00Z,791175,791175,REMIT,48X000000000283J-NGET-RMT-00038932,2,2024-10-14T11:19:09Z,2024-10-14T12:18:50Z,UnavailabilitiesOfElectricityFacilities,Generated by Genstar4 from Enegen Power Systems.,Production unavailability,Planned,SPGEN01,48X000000000283J,T_RYHPS-1,,RYHPS-1,48W00000RYHPS-1J,,10YGB----------A,Fossil Gas,715.0,455.0,260.0,Dismissed,2024-10-14T14:30:00Z,2024-10-14T15:30:00Z,,Ambient,,thermal_gas_unavailability,
2024_positive_spike_cluster_1,positive_spike_cluster,2024,2024-10-14 15:00:00+00:00,2024-10-14 17:30:00+00:00,669.212,251.94,763.8646,2286.5,20016.6667,2348.0,evening_peak,oct_nov_transition,high_gas+low_wind+positive_imbalance+lower_interconnector_support,2024-10-14T13:00:00Z,2024-10-14T19:30:00Z,791228,791228,REMIT,48X000000000065T-NGET-RMT-00005024,2,2024-10-14T15:31:18Z,2024-10-14T16:30:02Z,UnavailabilitiesOfElectricityFacilities,Generated by Genstar4 from Enegen Power Systems.,Production unavailability,Planned,CENPB,48X000000000065T,E_PETEM1,,PETEM1,48WSTN00000PETEV,,10YGB----------A,Other,240.0,0.0,240.0,Inactive,2024-10-14T15:00:00Z,2024-10-14T15:30:00Z,,Nozzle replacement,,other_unavailability_or_capacity_change,
2024_positive_spike_cluster_1,positive_spike_cluster,2024,2024-10-14 15:00:00+00:00,2024-10-14 17:30:00+00:00,669.212,251.94,763.8646,2286.5,20016.6667,2348.0,evening_peak,oct_nov_transition,high_gas+low_wind+positive_imbalance+lower_interconnector_support,2024-10-14T13:00:00Z,2024-10-14T19:30:00Z,791153,791153,REMIT,48X000000000065T-NGET-RMT-00005023,2,2024-10-14T08:33:09Z,2024-10-14T09:32:13Z,UnavailabilitiesOfElectricityFacilities,Generated by Genstar4 from Enegen Power Systems.,Production unavailability,Planned,CENPB,48X000000000065T,E_PETEM1,,PETEM1,48WSTN00000PETEV,,10YGB----------A,Other,240.0,120.0,120.0,Dismissed,2024-10-14T15:00:00Z,2024-10-17T04:00:00Z,,Nozzle replacement,,other_unavailability_or_capacity_change,
2024_positive_spike_cluster_1,positive_spike_cluster,2024,2024-10-14 15:00:00+00:00,2024-10-14 17:30:00+00:00,669.212,251.94,763.8646,2286.5,20016.6667,2348.0,evening_peak,oct_nov_transition,high_gas+low_wind+positive_imbalance+lower_interconnector_support,2024-10-14T13:00:00Z,2024-10-14T19:30:00Z,791236,791236,REMIT,48X000000000277E-NGET-RMT-00005036,2,2024-10-14T16:10:11Z,2024-10-14T17:09:41Z,UnavailabilitiesOfElectricityFacilities,Generated by Genstar4 from Enegen Power Systems.,Production unavailability,Unplanned,FDUN1,48X000000000277E,E_VKING-2,,VKING-2,48W00000VKING-2O,,10YGB----------A,Fossil Gas,45.0,0.0,45.0,Dismissed,2024-10-14T15:00:00Z,2024-10-14T19:30:00Z,,Plant Fault,,thermal_gas_unavailability,
2024_positive_spike_cluster_1,positive_spike_cluster,2024,2024-10-14 15:00:00+00:00,2024-10-14 17:30:00+00:00,669.212,251.94,763.8646,2286.5,20016.6667,2348.0,evening_peak,oct_nov_transition,high_gas+low_wind+positive_imbalance+lower_interconnector_support,2024-10-14T13:00:00Z,2024-10-14T19:30:00Z,791241,791241,REMIT,48X000000000277E-NGET-RMT-00005037,2,2024-10-14T16:30:13Z,2024-10-14T17:30:02Z,UnavailabilitiesOfElectricityFacilities,Generated by Genstar4 from Enegen Power Systems.,Production unavailability,Unplanned,FDUN1,48X000000000277E,E_VKING-2,,VKING-2,48W00000VKING-2O,,10YGB----------A,Fossil Gas,45.0,0.0,45.0,Inactive,2024-10-14T15:00:00Z,2024-10-14T16:30:00Z,,Plant Fault,,thermal_gas_unavailability,
2024_positive_spike_cluster_1,positive_spike_cluster,2024,2024-10-14 15:00:00+00:00,2024-10-14 17:30:00+00:00,669.212,251.94,763.8646,2286.5,20016.6667,2348.0,evening_peak,oct_nov_transition,high_gas+low_wind+positive_imbalance+lower_interconnector_support,2024-10-14T13:00:00Z,2024-10-14T19:30:00Z,791248,791248,REMIT,48X000000000065T-NGET-RMT-00005033,2,2024-10-14T18:43:09Z,2024-10-14T19:42:29Z,UnavailabilitiesOfElectricityFacilities,Generated by Genstar4 from Enegen Power Systems.,Production unavailability,Planned,CENPB,48X000000000065T,E_PETEM1,,PETEM1,48WSTN00000PETEV,,10YGB----------A,Other,240.0,0.0,240.0,Dismissed,2024-10-14T15:30:00Z,2024-10-14T23:00:00Z,,Nozzle replacement,,other_unavailability_or_capacity_change,
2024_positive_spike_cluster_1,positive_spike_cluster,2024,2024-10-14 15:00:00+00:00,2024-10-14 17:30:00+00:00,669.212,251.94,763.8646,2286.5,20016.6667,2348.0,evening_peak,oct_nov_transition,high_gas+low_wind+positive_imbalance+lower_interconnector_support,2024-10-14T13:00:00Z,2024-10-14T19:30:00Z,791251,791251,REMIT,48X000000000065T-NGET-RMT-00005038,2,2024-10-14T19:01:10Z,2024-10-14T20:00:03Z,UnavailabilitiesOfElectricityFacilities,Generated by Genstar4 from Enegen Power Systems.,Production unavailability,Unplanned,CENPB,48X000000000065T,E_PETEM1,,PETEM1,48WSTN00000PETEV,,10YGB----------A,Other,240.0,0.0,240.0,Inactive,2024-10-14T15:30:00Z,2024-10-14T19:00:00Z,,Nozzle replacement,,other_unavailability_or_capacity_change,
2024_positive_spike_cluster_1,positive_spike_cluster,2024,2024-10-14 15:00:00+00:00,2024-10-14 17:30:00+00:00,669.212,251.94,763.8646,2286.5,20016.6667,2348.0,evening_peak,oct_nov_transition,high_gas+low_wind+positive_imbalance+lower_interconnector_support,2024-10-14T13:00:00Z,2024-10-14T19:30:00Z,791187,791187,REMIT,48X000000000065T-NGET-RMT-00005025,2,2024-10-14T12:13:11Z,2024-10-14T13:12:08Z,UnavailabilitiesOfElectricityFacilities,Generated by Genstar4 from Enegen Power Systems.,Production unavailability,Planned,CENPB,48X000000000065T,E_PETEM1,,PETEM1,48WSTN00000PETEV,,10YGB----------A,Other,240.0,120.0,120.0,Dismissed,2024-10-14T15:30:00Z,2024-10-17T04:00:00Z,,Nozzle replacement,,other_unavailability_or_capacity_change,
2024_positive_spike_cluster_1,positive_spike_cluster,2024,2024-10-14 15:00:00+00:00,2024-10-14 17:30:00+00:00,669.212,251.94,763.8646,2286.5,20016.6667,2348.0,evening_peak,oct_nov_transition,high_gas+low_wind+positive_imbalance+lower_interconnector_support,2024-10-14T13:00:00Z,2024-10-14T19:30:00Z,791245,791245,REMIT,48X0000000000149-NGET-RMT-00001335,1,2024-10-14T16:52:26Z,2024-10-14T16:49:00Z,UnavailabilitiesOfElectricityFacilities,REMIT Information,Production unavailability,Unplanned,SUTTBRGE,48X0000000000149,T_SUTB-1,Production,SUTB-1,48W000000SUTB-1P,N,10YGB----------A,Fossil Gas,832.0,0.0,832.0,Active,2024-10-14T16:30:00Z,2024-10-15T06:00:00Z,,Testing/Commissioning,,thermal_gas_unavailability,"[{'startTime': '2024-10-14T16:30:00Z', 'endTime': '2024-10-15T06:00:00Z', 'capacity': 0.0}]"
2024_positive_spike_cluster_1,positive_spike_cluster,2024,2024-10-14 15:00:00+00:00,2024-10-14 17:30:00+00:00,669.212,251.94,763.8646,2286.5,20016.6667,2348.0,evening_peak,oct_nov_transition,high_gas+low_wind+positive_imbalance+lower_interconnector_support,2024-10-14T13:00:00Z,2024-10-14T19:30:00Z,791221,791221,REMIT,48X000000000045Z-NGET-RMT-00132888,1,2024-10-14T14:46:08Z,2024-10-14T14:45:00Z,UnavailabilitiesOfElectricityFacilities,REMIT Information,Production unavailability,Unplanned,WESTBURB,48X000000000045Z,T_WBURB-2,Production,WBURB-2,48W00000WBURB-27,B1,10YGB----------A,Fossil Gas,450.0,421.0,29.0,Active,2024-10-14T16:30:00Z,2024-10-14T17:00:00Z,,Unplanned,"
",thermal_gas_unavailability,
2024_positive_spike_cluster_1,positive_spike_cluster,2024,2024-10-14 15:00:00+00:00,2024-10-14 17:30:00+00:00,669.212,251.94,763.8646,2286.5,20016.6667,2348.0,evening_peak,oct_nov_transition,high_gas+low_wind+positive_imbalance+lower_interconnector_support,2024-10-14T13:00:00Z,2024-10-14T19:30:00Z,793296,793296,REMIT,48X000000000080X-NGET-RMT-00015646,7,2024-10-22T08:53:11Z,2024-10-22T08:52:47Z,UnavailabilitiesOfElectricityFacilities,REMIT INFORMATION,Production unavailability,Planned,EECL,48X000000000080X,T_CDCL-1,Production,CDCL-1,48W000000CDCL-1P,N,10YGB----------A,Fossil Gas,405.0,265.0,140.0,Active,2024-10-14T17:00:00Z,2024-10-22T16:30:00Z,+- 1 day,Planned Outage,Available OC.,thermal_gas_unavailability,
2024_positive_spike_cluster_1,positive_spike_cluster,2024,2024-10-14 15:00:00+00:00,2024-10-14 17:30:00+00:00,669.212,251.94,763.8646,2286.5,20016.6667,2348.0,evening_peak,oct_nov_transition,high_gas+low_wind+positive_imbalance+lower_interconnector_support,2024-10-14T13:00:00Z,2024-10-14T19:30:00Z,791223,791223,REMIT,48X000000000045Z-NGET-RMT-00132889,1,2024-10-14T14:46:09Z,2024-10-14T14:45:00Z,UnavailabilitiesOfElectricityFacilities,REMIT Information,Production unavailability,Unplanned,WESTBURB,48X000000000045Z,T_WBURB-2,Production,WBURB-2,48W00000WBURB-27,B1,10YGB----------A,Fossil Gas,450.0,422.0,28.0,Active,2024-10-14T17:00:00Z,2024-10-14T17:30:00Z,,Unplanned,"
",thermal_gas_unavailability,
2024_positive_spike_cluster_1,positive_spike_cluster,2024,2024-10-14 15:00:00+00:00,2024-10-14 17:30:00+00:00,669.212,251.94,763.8646,2286.5,20016.6667,2348.0,evening_peak,oct_nov_transition,high_gas+low_wind+positive_imbalance+lower_interconnector_support,2024-10-14T13:00:00Z,2024-10-14T19:30:00Z,791256,791256,REMIT,48X000000000242X-NGET-RMT-00032673,2,2024-10-14T22:01:09Z,2024-10-14T23:00:04Z,UnavailabilitiesOfElectricityFacilities,Generated by Genstar4 from Enegen Power Systems.,Production unavailability,Planned,SPALDI,48X000000000242X,T_SEEL-1,,SEEL-1,48W000000SEEL-18,,10YGB----------A,Fossil Gas,299.0,0.0,299.0,Inactive,2024-10-14T17:30:00Z,2024-10-14T22:00:00Z,,Planned Shutdown,,thermal_gas_unavailability,
2024_positive_spike_cluster_1,positive_spike_cluster,2024,2024-10-14 15:00:00+00:00,2024-10-14 17:30:00+00:00,669.212,251.94,763.8646,2286.5,20016.6667,2348.0,evening_peak,oct_nov_transition,high_gas+low_wind+positive_imbalance+lower_interconnector_support,2024-10-14T13:00:00Z,2024-10-14T19:30:00Z,791222,791222,REMIT,48X000000000045Z-NGET-RMT-00132890,1,2024-10-14T14:46:09Z,2024-10-14T14:45:00Z,UnavailabilitiesOfElectricityFacilities,REMIT Information,Production unavailability,Unplanned,WESTBURB,48X000000000045Z,T_WBURB-2,Production,WBURB-2,48W00000WBURB-27,B1,10YGB----------A,Fossil Gas,450.0,423.0,27.0,Active,2024-10-14T17:30:00Z,2024-10-14T18:30:00Z,,Unplanned,"
",thermal_gas_unavailability,
2024_positive_spike_cluster_1,positive_spike_cluster,2024,2024-10-14 15:00:00+00:00,2024-10-14 17:30:00+00:00,669.212,251.94,763.8646,2286.5,20016.6667,2348.0,evening_peak,oct_nov_transition,high_gas+low_wind+positive_imbalance+lower_interconnector_support,2024-10-14T13:00:00Z,2024-10-14T19:30:00Z,791258,791258,REMIT,48X000000000065T-NGET-RMT-00005039,2,2024-10-14T23:01:10Z,2024-10-15T00:00:05Z,UnavailabilitiesOfElectricityFacilities,Generated by Genstar4 from Enegen Power Systems.,Production unavailability,Planned,CENPB,48X000000000065T,E_PETEM1,,PETEM1,48WSTN00000PETEV,,10YGB----------A,Other,240.0,120.0,120.0,Inactive,2024-10-14T19:00:00Z,2024-10-14T23:00:00Z,,Nozzle replacement,,other_unavailability_or_capacity_change,
2024_positive_spike_cluster_5,positive_spike_cluster,2024,2024-12-11 11:30:00+00:00,2024-12-11 12:30:00+00:00,590.4504,295.0,32.0034,1798.0,26781.6667,4025.3333,midday,dec_stress,high_gas+low_wind,2024-12-11T09:30:00Z,2024-12-11T14:30:00Z,801383,801383,REMIT,23XINTG-CROYTONG-NGET-RMT-00032969,2,2024-12-19T10:06:05Z,2024-12-19T10:05:08Z,UnavailabilitiesOfElectricityFacilities,Generated by Genstar4 from Enegen Power Systems.,Production unavailability,Planned,CECL,23XINTG-CROYTONG,T_COSO-1,,COSO-1,48W000000COSO-1F,,10YGB----------A,Fossil Gas,700.0,346.0,354.0,Dismissed,2024-12-08T05:30:00Z,2024-12-23T13:00:00Z,,Planned Maintenance,,thermal_gas_unavailability,
2024_positive_spike_cluster_5,positive_spike_cluster,2024,2024-12-11 11:30:00+00:00,2024-12-11 12:30:00+00:00,590.4504,295.0,32.0034,1798.0,26781.6667,4025.3333,midday,dec_stress,high_gas+low_wind,2024-12-11T09:30:00Z,2024-12-11T14:30:00Z,800502,800502,REMIT,48X000000000045Z-NGET-RMT-00133126,5,2024-12-11T11:26:06Z,2024-12-11T11:25:00Z,UnavailabilitiesOfElectricityFacilities,REMIT Information,Production unavailability,Unplanned,WESTBURB,48X000000000045Z,T_WBURB-1,Production,WBURB-1,48W00000WBURB-19,B1,10YGB----------A,Fossil Gas,435.0,405.0,30.0,Active,2024-12-08T13:30:00Z,2024-12-11T11:30:00Z,,Unplanned,"
",thermal_gas_unavailability,
2024_positive_spike_cluster_5,positive_spike_cluster,2024,2024-12-11 11:30:00+00:00,2024-12-11 12:30:00+00:00,590.4504,295.0,32.0034,1798.0,26781.6667,4025.3333,midday,dec_stress,high_gas+low_wind,2024-12-11T09:30:00Z,2024-12-11T14:30:00Z,799876,799876,REMIT,48X0000000002978-NGET-RMT-00013827,3,2024-12-06T07:45:56Z,2024-12-06T07:44:36Z,UnavailabilitiesOfElectricityFacilities,Actual Availablity of Generation Unit,Production unavailability,Planned,MOWEL,48X0000000002978,T_MOWEO-2,Production,MOWEO-2,48W00000MOWEO-2Y,N,10YGB----------A,Wind Offshore,316.0,300.0,16.0,Active,2024-12-09T00:00:00Z,2024-12-31T00:00:00Z, ,Planned Curtailment,This REMIT is also published to the Public Portal https://remit.gems.engie.co.uk,wind_unavailability,
2024_positive_spike_cluster_5,positive_spike_cluster,2024,2024-12-11 11:30:00+00:00,2024-12-11 12:30:00+00:00,590.4504,295.0,32.0034,1798.0,26781.6667,4025.3333,midday,dec_stress,high_gas+low_wind,2024-12-11T09:30:00Z,2024-12-11T14:30:00Z,799879,799879,REMIT,48X0000000002978-NGET-RMT-00013828,2,2024-12-06T07:51:57Z,2024-12-06T07:45:17Z,UnavailabilitiesOfElectricityFacilities,Actual Availablity of Generation Unit,Production unavailability,Planned,MOWEL,48X0000000002978,T_MOWEO-3,Production,MOWEO-3,48W00000MOWEO-3W,N,10YGB----------A,Wind Offshore,316.0,300.0,16.0,Active,2024-12-09T00:00:00Z,2024-12-31T00:00:00Z, ,Planned Curtailment,This REMIT is also published to the Public Portal https://remit.gems.engie.co.uk,wind_unavailability,
2024_positive_spike_cluster_5,positive_spike_cluster,2024,2024-12-11 11:30:00+00:00,2024-12-11 12:30:00+00:00,590.4504,295.0,32.0034,1798.0,26781.6667,4025.3333,midday,dec_stress,high_gas+low_wind,2024-12-11T09:30:00Z,2024-12-11T14:30:00Z,800845,800845,REMIT,48X000000000314Y-NGET-RMT-00009417,18,2024-12-15T14:34:04Z,2024-12-15T14:33:29Z,UnavailabilitiesOfElectricityFacilities,Planned Unavailability of Generation Unit,Production unavailability,Planned,VIKING,A0018737N.IE,T_VKNGW-1,,T_VKNGW-1,48W00000VKNGW-14,N,10YGB----------A,Wind Onshore,112.0,0.0,112.0,Active,2024-12-09T05:00:00Z,2024-12-15T22:00:00Z,,B19,Planned - Ongoing,wind_unavailability,
2024_positive_spike_cluster_5,positive_spike_cluster,2024,2024-12-11 11:30:00+00:00,2024-12-11 12:30:00+00:00,590.4504,295.0,32.0034,1798.0,26781.6667,4025.3333,midday,dec_stress,high_gas+low_wind,2024-12-11T09:30:00Z,2024-12-11T14:30:00Z,800800,800800,REMIT,48X000000000314Y-NGET-RMT-00009418,12,2024-12-14T19:27:04Z,2024-12-14T19:26:26Z,UnavailabilitiesOfElectricityFacilities,Planned Unavailability of Generation Unit,Production unavailability,Planned,VIKING,A0018737N.IE,T_VKNGW-2,,T_VKNGW-2,48W00000VKNGW-22,N,10YGB----------A,Wind Onshore,112.0,0.0,112.0,Active,2024-12-09T05:00:00Z,2024-12-15T04:00:00Z,,B19,Planned - Ongoing,wind_unavailability,
2024_positive_spike_cluster_5,positive_spike_cluster,2024,2024-12-11 11:30:00+00:00,2024-12-11 12:30:00+00:00,590.4504,295.0,32.0034,1798.0,26781.6667,4025.3333,midday,dec_stress,high_gas+low_wind,2024-12-11T09:30:00Z,2024-12-11T14:30:00Z,800801,800801,REMIT,48X000000000314Y-NGET-RMT-00009420,12,2024-12-14T19:28:05Z,2024-12-14T19:27:59Z,UnavailabilitiesOfElectricityFacilities,Planned Unavailability of Generation Unit,Production unavailability,Planned,VIKING,A0018737N.IE,T_VKNGW-4,,T_VKNGW-4,48W00000VKNGW-4Z,N,10YGB----------A,Wind Onshore,112.0,0.0,112.0,Active,2024-12-09T05:00:00Z,2024-12-15T04:00:00Z,,B19,Planned - Ongoing,wind_unavailability,
2024_positive_spike_cluster_5,positive_spike_cluster,2024,2024-12-11 11:30:00+00:00,2024-12-11 12:30:00+00:00,590.4504,295.0,32.0034,1798.0,26781.6667,4025.3333,midday,dec_stress,high_gas+low_wind,2024-12-11T09:30:00Z,2024-12-11T14:30:00Z,800803,800803,REMIT,48X000000000314Y-NGET-RMT-00009419,12,2024-12-14T19:33:05Z,2024-12-14T19:32:27Z,UnavailabilitiesOfElectricityFacilities,Planned Unavailability of Generation Unit,Production unavailability,Planned,VIKING,A0018737N.IE,T_VKNGW-3,,T_VKNGW-3,48W00000VKNGW-30,N,10YGB----------A,Wind Onshore,108.0,0.0,108.0,Active,2024-12-09T05:00:00Z,2024-12-15T04:00:00Z,,B19,Planned - Ongoing,wind_unavailability,
2024_positive_spike_cluster_5,positive_spike_cluster,2024,2024-12-11 11:30:00+00:00,2024-12-11 12:30:00+00:00,590.4504,295.0,32.0034,1798.0,26781.6667,4025.3333,midday,dec_stress,high_gas+low_wind,2024-12-11T09:30:00Z,2024-12-11T14:30:00Z,798928,798928,REMIT,48X000000000055W-NGET-RMT-00119786,5,2024-11-29T18:59:06Z,2024-11-29T18:58:45Z,UnavailabilitiesOfElectricityFacilities,Planned Unavailability of Generation Unit,Production unavailability,Planned,GYMOWL,48X000000000055W,T_GYMR-17,Production,GYMRO-17,48W0000GYMRO-17K,,10YGB----------A,Wind Offshore,148.0,0.0,90.0,Dismissed,2024-12-09T07:00:00Z,2024-12-17T18:00:00Z,,Planned Outage,Status changed to Cancelled,wind_unavailability,"[{'startTime': '2024-12-09T07:00:00Z', 'endTime': '2024-12-09T07:00:00Z', 'capacity': 90.0}, {'startTime': '2024-12-09T07:00:00Z', 'endTime': '2024-12-09T07:06:00Z', 'capacity': 0.0}, {'startTime': '2024-12-09T07:06:00Z', 'endTime': '2024-12-17T17:59:00Z', 'capacity': 0.0}, {'startTime': '2024-12-17T17:59:00Z', 'endTime': '2024-12-17T18:00:00Z', 'capacity': 90.0}]"
2024_positive_spike_cluster_5,positive_spike_cluster,2024,2024-12-11 11:30:00+00:00,2024-12-11 12:30:00+00:00,590.4504,295.0,32.0034,1798.0,26781.6667,4025.3333,midday,dec_stress,high_gas+low_wind,2024-12-11T09:30:00Z,2024-12-11T14:30:00Z,801202,801202,REMIT,48X000000000055W-NGET-RMT-00119785,30,2024-12-17T18:06:05Z,2024-12-17T18:00:11Z,UnavailabilitiesOfElectricityFacilities,Planned Unavailability of Generation Unit,Production unavailability,Planned,GYMOWL,48X000000000055W,T_GYMR-28,Production,GYMRO-28,48W0000GYMRO-28F,,10YGB----------A,Wind Offshore,148.0,0.0,0.0,Inactive,2024-12-09T07:00:00Z,2024-12-17T18:00:00Z,,Turbine / Generator,Status changed to Completed,wind_unavailability,"[{'startTime': '2024-12-09T07:00:00Z', 'endTime': '2024-12-09T07:00:00Z', 'capacity': 0.0}, {'startTime': '2024-12-09T07:00:00Z', 'endTime': '2024-12-17T17:59:00Z', 'capacity': 0.0}, {'startTime': '2024-12-17T17:59:00Z', 'endTime': '2024-12-17T18:00:00Z', 'capacity': 126.0}]"
2024_positive_spike_cluster_5,positive_spike_cluster,2024,2024-12-11 11:30:00+00:00,2024-12-11 12:30:00+00:00,590.4504,295.0,32.0034,1798.0,26781.6667,4025.3333,midday,dec_stress,high_gas+low_wind,2024-12-11T09:30:00Z,2024-12-11T14:30:00Z,801884,801884,REMIT,48X000000000080X-NGET-RMT-00015728,7,2024-12-23T11:02:05Z,2024-12-23T11:01:06Z,UnavailabilitiesOfElectricityFacilities,REMIT INFORMATION,Production unavailability,Unplanned,EECL,48X000000000080X,T_CNQPS-4,Production,CNQPS-4,48W00000CNQPS-48,N,10YGB----------A,Fossil Gas,345.0,285.0,60.0,Active,2024-12-09T15:00:00Z,2024-12-30T06:00:00Z,+- 1 day,Under investigation,REMIT,thermal_gas_unavailability,
2024_positive_spike_cluster_5,positive_spike_cluster,2024,2024-12-11 11:30:00+00:00,2024-12-11 12:30:00+00:00,590.4504,295.0,32.0034,1798.0,26781.6667,4025.3333,midday,dec_stress,high_gas+low_wind,2024-12-11T09:30:00Z,2024-12-11T14:30:00Z,800680,800680,REMIT,48X000000000021C-NGET-RMT-00039445,9,2024-12-13T13:31:06Z,2024-12-13T13:30:46Z,UnavailabilitiesOfElectricityFacilities,Generated by Genstar4 from Enegen Power Systems.,Production unavailability,Planned,ICHPLLP,48X000000000021C,T_HUMR-1,,HUMR-1,48W100000HUMR-1N,,10YGB----------A,Fossil Gas,1230.0,1115.0,115.0,Dismissed,2024-12-10T14:30:00Z,2024-12-15T23:00:00Z,,Steam Turbine,,thermal_gas_unavailability,
2024_positive_spike_cluster_5,positive_spike_cluster,2024,2024-12-11 11:30:00+00:00,2024-12-11 12:30:00+00:00,590.4504,295.0,32.0034,1798.0,26781.6667,4025.3333,midday,dec_stress,high_gas+low_wind,2024-12-11T09:30:00Z,2024-12-11T14:30:00Z,800568,800568,REMIT,48X000000000225X-NGET-RMT-00001528,4,2024-12-12T09:39:53Z,2024-12-12T09:34:00Z,UnavailabilitiesOfElectricityFacilities,REMIT Information,Production unavailability,Unplanned,TEESREP,48X000000000225X,T_TSREP-1,Production,TSREP-1,48W00000TSREP-1F,B1,10YGB----------A,Biomass,285.0,0.0,285.0,Active,2024-12-10T18:30:00Z,2024-12-12T09:30:00Z,,Normal Operation,,other_unavailability_or_capacity_change,
2024_positive_spike_cluster_5,positive_spike_cluster,2024,2024-12-11 11:30:00+00:00,2024-12-11 12:30:00+00:00,590.4504,295.0,32.0034,1798.0,26781.6667,4025.3333,midday,dec_stress,high_gas+low_wind,2024-12-11T09:30:00Z,2024-12-11T14:30:00Z,800566,800566,REMIT,48X000000000225X-NGET-RMT-00001526,5,2024-12-12T09:39:53Z,2024-12-12T09:34:00Z,UnavailabilitiesOfElectricityFacilities,REMIT Information,Production unavailability,Unplanned,TEESREP,48X000000000225X,T_TSREP-1,Production,TSREP-1,48W00000TSREP-1F,B1,10YGB----------A,Biomass,285.0,0.0,285.0,Active,2024-12-10T19:30:00Z,2024-12-12T09:30:00Z,,Normal Operation,,other_unavailability_or_capacity_change,
2024_positive_spike_cluster_5,positive_spike_cluster,2024,2024-12-11 11:30:00+00:00,2024-12-11 12:30:00+00:00,590.4504,295.0,32.0034,1798.0,26781.6667,4025.3333,midday,dec_stress,high_gas+low_wind,2024-12-11T09:30:00Z,2024-12-11T14:30:00Z,800559,800559,REMIT,48X000000000077M-NGET-RMT-00009723,6,2024-12-12T08:38:06Z,2024-12-12T08:37:57Z,UnavailabilitiesOfElectricityFacilities,Planned Unavailability of Generation Unit,Consumption unavailability,Planned,SSEGEN,A0001005T.UK,T_FOYE-1,,T_FOYE-1,48W000000FOYE-14,N,10YGB----------A,Hydro Pumped Storage,150.0,0.0,150.0,Active,2024-12-11T05:00:00Z,2024-12-12T08:40:00Z,,B20,Planned - Ongoing,other_unavailability_or_capacity_change,
2024_positive_spike_cluster_5,positive_spike_cluster,2024,2024-12-11 11:30:00+00:00,2024-12-11 12:30:00+00:00,590.4504,295.0,32.0034,1798.0,26781.6667,4025.3333,midday,dec_stress,high_gas+low_wind,2024-12-11T09:30:00Z,2024-12-11T14:30:00Z,800530,800530,REMIT,48X000000000077M-NGET-RMT-00009724,4,2024-12-11T15:47:05Z,2024-12-11T15:46:03Z,UnavailabilitiesOfElectricityFacilities,Planned Unavailability of Generation Unit,Consumption unavailability,Planned,SSEGEN,A0001005T.UK,T_FOYE-2,,T_FOYE-2,48W000000FOYE-22,N,10YGB----------A,Hydro Pumped Storage,150.0,0.0,150.0,Active,2024-12-11T06:00:00Z,2024-12-11T21:00:00Z,,B20,Planned - Ongoing,other_unavailability_or_capacity_change,
2024_positive_spike_cluster_5,positive_spike_cluster,2024,2024-12-11 11:30:00+00:00,2024-12-11 12:30:00+00:00,590.4504,295.0,32.0034,1798.0,26781.6667,4025.3333,midday,dec_stress,high_gas+low_wind,2024-12-11T09:30:00Z,2024-12-11T14:30:00Z,800370,800370,REMIT,48X000000000077M-NGET-RMT-00009649,2,2024-12-10T09:51:04Z,2024-12-10T09:50:29Z,UnavailabilitiesOfElectricityFacilities,Planned Unavailability of Generation Unit,Consumption unavailability,Planned,SSEGEN,A0001005T.UK,T_FOYE-2,,T_FOYE-2,48W000000FOYE-22,N,10YGB----------A,Hydro Pumped Storage,150.0,0.0,150.0,Dismissed,2024-12-11T06:30:00Z,2024-12-11T16:30:00Z,,B19,Planned - Future,other_unavailability_or_capacity_change,
2024_positive_spike_cluster_5,positive_spike_cluster,2024,2024-12-11 11:30:00+00:00,2024-12-11 12:30:00+00:00,590.4504,295.0,32.0034,1798.0,26781.6667,4025.3333,midday,dec_stress,high_gas+low_wind,2024-12-11T09:30:00Z,2024-12-11T14:30:00Z,800371,800371,REMIT,48X000000000077M-NGET-RMT-00009648,2,2024-12-10T09:52:04Z,2024-12-10T09:51:21Z,UnavailabilitiesOfElectricityFacilities,Planned Unavailability of Generation Unit,Production unavailability,Planned,SSEGEN,A0001005T.UK,T_FOYE-2,,T_FOYE-2,48W000000FOYE-22,N,10YGB----------A,Hydro Pumped Storage,150.0,0.0,150.0,Dismissed,2024-12-11T06:30:00Z,2024-12-11T16:30:00Z,,B19,Planned - Future,other_unavailability_or_capacity_change,
2024_positive_spike_cluster_5,positive_spike_cluster,2024,2024-12-11 11:30:00+00:00,2024-12-11 12:30:00+00:00,590.4504,295.0,32.0034,1798.0,26781.6667,4025.3333,midday,dec_stress,high_gas+low_wind,2024-12-11T09:30:00Z,2024-12-11T14:30:00Z,799579,799579,REMIT,48X000000000284H-ELXP-RMT-00000570,1,2024-12-04T10:56:07Z,2024-12-04T10:55:01Z,UnavailabilitiesOfElectricityFacilities,"TESLA unavailability of E_ROARB-1, at 2024-12-11T09:30:00.000Z, expected to last until 2024-12-11T11:30:00.000Z",Production unavailability,Planned,TESLA,48X000000000284H,E_ROARB-1,,ROARB-1,,,10YGB----------A,,52.526,0.0,52.526,Active,2024-12-11T09:30:00Z,2024-12-11T11:30:00Z,,DNO Outage,,other_unavailability_or_capacity_change,
2024_positive_spike_cluster_5,positive_spike_cluster,2024,2024-12-11 11:30:00+00:00,2024-12-11 12:30:00+00:00,590.4504,295.0,32.0034,1798.0,26781.6667,4025.3333,midday,dec_stress,high_gas+low_wind,2024-12-11T09:30:00Z,2024-12-11T14:30:00Z,800401,800401,REMIT,48X000000000063X-NGET-RMT-00026463,2,2024-12-10T14:04:04Z,2024-12-10T13:57:00Z,UnavailabilitiesOfElectricityFacilities,REMIT Information,Production unavailability,Unplanned,LYNPOWER,48X000000000063X,E_LYNE2,Production,LNMTH-2,48W00000LNMTH-2P,B7,10YGB----------A,Biomass,133.0,95.0,38.0,Active,2024-12-11T10:00:00Z,2024-12-11T14:00:00Z,,MILLING PLANT,,other_unavailability_or_capacity_change,
2024_positive_spike_cluster_5,positive_spike_cluster,2024,2024-12-11 11:30:00+00:00,2024-12-11 12:30:00+00:00,590.4504,295.0,32.0034,1798.0,26781.6667,4025.3333,midday,dec_stress,high_gas+low_wind,2024-12-11T09:30:00Z,2024-12-11T14:30:00Z,800556,800556,REMIT,48X000000000045Z-NGET-RMT-00133153,3,2024-12-12T08:26:06Z,2024-12-12T08:24:00Z,UnavailabilitiesOfElectricityFacilities,REMIT Information,Production unavailability,Unplanned,WESTBURB,48X000000000045Z,T_WBURB-1,Production,WBURB-1,48W00000WBURB-19,B1,10YGB----------A,Fossil Gas,435.0,410.0,25.0,Active,2024-12-11T11:30:00Z,2024-12-12T08:00:00Z,,Unplanned,"
",thermal_gas_unavailability,
2024_positive_spike_cluster_5,positive_spike_cluster,2024,2024-12-11 11:30:00+00:00,2024-12-11 12:30:00+00:00,590.4504,295.0,32.0034,1798.0,26781.6667,4025.3333,midday,dec_stress,high_gas+low_wind,2024-12-11T09:30:00Z,2024-12-11T14:30:00Z,800413,800413,REMIT,2024121114000001-ELXP-RMT-20241211,1,2024-12-10T14:24:06Z,2024-12-10T14:23:49Z,UnavailabilitiesOfElectricityFacilities,"New: SONILTD - Unavailability of I_IEG-MOYL1 at 2024-12-11 14:00:00, expected to last until 2024-12-11 22:00:00",Other unavailability,Unplanned,SONILTD,47X000000000211M,I_IEG-MOYL1,Production,I_IEG-MOYL1,,,10YGB----------B,,0.0,0.0,500.0,Active,2024-12-11T14:00:00Z,2024-12-11T22:00:00Z,,SONI TSO restricting NI to GB flows,MW values in this message relate to the interconnector’s technical capacity. Market capacity on a given day may be different from this and is the result of constraints imposed by onshore TSOs. Full details can be found at https://www.mutual-energy.com/electricity/#moyle-capacity,interconnector_unavailability,"[{'startTime': '2024-12-11T14:00:00Z', 'endTime': '2024-12-11T15:00:00Z', 'capacity': 145.0}, {'startTime': '2024-12-11T15:00:00Z', 'endTime': '2024-12-11T21:00:00Z', 'capacity': 0.0}, {'startTime': '2024-12-11T21:00:00Z', 'endTime': '2024-12-11T22:00:00Z', 'capacity': 292.0}]"
2024_positive_spike_cluster_5,positive_spike_cluster,2024,2024-12-11 11:30:00+00:00,2024-12-11 12:30:00+00:00,590.4504,295.0,32.0034,1798.0,26781.6667,4025.3333,midday,dec_stress,high_gas+low_wind,2024-12-11T09:30:00Z,2024-12-11T14:30:00Z,805726,805726,REMIT,7825988358048320-ELXP-RMT-25722852,1,2025-01-17T09:32:05Z,2025-01-17T09:31:53Z,UnavailabilitiesOfElectricityFacilities,"New: EILIA - Unavailability of I_IEG-EWIC1 at 2024-12-11 14:00:00, expected to last until 2024-12-11 22:00:00",Transmission unavailability,Unplanned,EILIA,10Z-GB-IE-000018,I_IEG-EWIC1,Production,I_IEG-EWIC1,,,10YGB----------B,,0.0,0.0,500.0,Dismissed,2024-12-11T14:00:00Z,2024-12-11T22:00:00Z,,TSO NTC Reduction,,other_unavailability_or_capacity_change,"[{'startTime': '2024-12-11T14:00:00Z', 'endTime': '2024-12-11T15:00:00Z', 'capacity': 219.0}, {'startTime': '2024-12-11T15:00:00Z', 'endTime': '2024-12-11T21:00:00Z', 'capacity': 0.0}, {'startTime': '2024-12-11T21:00:00Z', 'endTime': '2024-12-11T22:00:00Z', 'capacity': 286.0}]"
2024_positive_spike_cluster_5,positive_spike_cluster,2024,2024-12-11 11:30:00+00:00,2024-12-11 12:30:00+00:00,590.4504,295.0,32.0034,1798.0,26781.6667,4025.3333,midday,dec_stress,high_gas+low_wind,2024-12-11T09:30:00Z,2024-12-11T14:30:00Z,800516,800516,REMIT,48X000000000063X-NGET-RMT-00026464,3,2024-12-11T13:45:59Z,2024-12-11T13:42:00Z,UnavailabilitiesOfElectricityFacilities,REMIT Information,Production unavailability,Unplanned,LYNPOWER,48X000000000063X,E_LYNE2,Production,LNMTH-2,48W00000LNMTH-2P,B7,10YGB----------A,Biomass,133.0,95.0,38.0,Dismissed,2024-12-11T14:00:00Z,2024-12-11T14:30:00Z,,Plant Available,Event automatically withdrawn.,other_unavailability_or_capacity_change,
2024_positive_spike_cluster_5,positive_spike_cluster,2024,2024-12-11 11:30:00+00:00,2024-12-11 12:30:00+00:00,590.4504,295.0,32.0034,1798.0,26781.6667,4025.3333,midday,dec_stress,high_gas+low_wind,2024-12-11T09:30:00Z,2024-12-11T14:30:00Z,800520,800520,REMIT,48X000000000063X-NGET-RMT-00026467,3,2024-12-11T14:21:58Z,2024-12-11T14:16:00Z,UnavailabilitiesOfElectricityFacilities,REMIT Information,Production unavailability,Unplanned,LYNPOWER,48X000000000063X,E_LYNE2,Production,LNMTH-2,48W00000LNMTH-2P,B7,10YGB----------A,Biomass,133.0,120.0,13.0,Dismissed,2024-12-11T14:00:00Z,2024-12-11T14:30:00Z,,Plant Available,Event automatically withdrawn.,other_unavailability_or_capacity_change,
2024_positive_spike_cluster_5,positive_spike_cluster,2024,2024-12-11 11:30:00+00:00,2024-12-11 12:30:00+00:00,590.4504,295.0,32.0034,1798.0,26781.6667,4025.3333,midday,dec_stress,high_gas+low_wind,2024-12-11T09:30:00Z,2024-12-11T14:30:00Z,800543,800543,REMIT,48X000000000001I-NGET-RMT-00061239,2,2024-12-12T00:09:52Z,2024-12-11T12:48:28Z,UnavailabilitiesOfElectricityFacilities,REMIT INFORMATION,Production unavailability,Planned,DRAX,48X000000000001I,T_DRAXX-2,Production,DRAXX-2,48W00000DRAXX-2C,N,10YGB----------A,Biomass,645.0,500.0,145.0,Inactive,2024-12-11T14:05:30Z,2024-12-11T15:34:30Z,,Boiler / Fuel Supply,,other_unavailability_or_capacity_change,
2024_positive_spike_cluster_5,positive_spike_cluster,2024,2024-12-11 11:30:00+00:00,2024-12-11 12:30:00+00:00,590.4504,295.0,32.0034,1798.0,26781.6667,4025.3333,midday,dec_stress,high_gas+low_wind,2024-12-11T09:30:00Z,2024-12-11T14:30:00Z,800518,800518,REMIT,48X000000000063X-NGET-RMT-00692353,1,2024-12-11T14:15:09Z,2024-12-11T14:10:26Z,UnavailabilitiesOfElectricityFacilities,REMIT Information,Production unavailability,Planned,EPL001,48X000000000063X,E_LYNE2,Production,LNMTH-2,48W00000LNMTH-2P,B7,10YGB----------A,Biomass,133.0,128.0,5.0,Active,2024-12-11T14:30:00Z,2024-12-13T23:00:00Z,,Load profiling,,other_unavailability_or_capacity_change,
2024_positive_spike_cluster_5,positive_spike_cluster,2024,2024-12-11 11:30:00+00:00,2024-12-11 12:30:00+00:00,590.4504,295.0,32.0034,1798.0,26781.6667,4025.3333,midday,dec_stress,high_gas+low_wind,2024-12-11T09:30:00Z,2024-12-11T14:30:00Z,800522,800522,REMIT,48X000000000063X-NGET-RMT-00026466,3,2024-12-11T14:21:58Z,2024-12-11T14:16:00Z,UnavailabilitiesOfElectricityFacilities,REMIT Information,Production unavailability,Unplanned,LYNPOWER,48X000000000063X,E_LYNE2,Production,LNMTH-2,48W00000LNMTH-2P,B7,10YGB----------A,Biomass,133.0,128.0,5.0,Dismissed,2024-12-11T14:30:00Z,2024-12-13T23:00:00Z,,Plant Available,Event automatically withdrawn.,other_unavailability_or_capacity_change,
2024_large_upward_jump_16641,large_upward_jump,2024,2024-12-12 16:00:00+00:00,2024-12-12 16:30:00+00:00,521.0884,521.0884,16.831,1896.0,26253.0,3178.0,evening_peak,dec_stress,sudden_price_movement_check_internal_and_external_context,2024-12-12T14:00:00Z,2024-12-12T18:30:00Z,799989,799989,REMIT,48X000000000021C-NGET-RMT-00039371,3,2024-12-06T22:48:06Z,2024-12-06T22:47:18Z,UnavailabilitiesOfElectricityFacilities,Generated by Genstar4 from Enegen Power Systems.,Production unavailability,Planned,ICHPLLP,48X000000000021C,T_HUMR-1,,HUMR-1,48W100000HUMR-1N,,10YGB----------A,Fossil Gas,1230.0,1115.0,115.0,Dismissed,2024-12-06T22:00:00Z,2024-12-15T23:00:00Z,,Add. Capacity available to NG in the BM -see SONAR,,thermal_gas_unavailability,
2024_large_upward_jump_16641,large_upward_jump,2024,2024-12-12 16:00:00+00:00,2024-12-12 16:30:00+00:00,521.0884,521.0884,16.831,1896.0,26253.0,3178.0,evening_peak,dec_stress,sudden_price_movement_check_internal_and_external_context,2024-12-12T14:00:00Z,2024-12-12T18:30:00Z,357627,357627,REMIT,11XINNOGY------2-NGET-RMT-00046089,2,2019-01-21T14:09:56Z,2019-01-21T14:09:56Z,UnavailabilitiesOfElectricityFacilities,Planned Unavailability of Generation Unit,Production unavailability,Planned,INNOGY01,11XINNOGY------2,T_STAY-2,Production,STAY-2,48W000000STAY-2W,,10YGB----------A,Fossil Gas,457.0,0.0,395.0,Dismissed,2024-12-06T23:00:00Z,2024-12-14T07:00:00Z,,Planned Outage,Forward Profile:<br>06-12-2024 23:00  395MW<br>06-12-2024 23:01  0MW<br>14-12-2024 07:00  395MW<br>,thermal_gas_unavailability,"[{'startTime': '2024-12-06T23:00:00Z', 'endTime': '2024-12-06T23:00:00Z', 'capacity': 395.0}, {'startTime': '2024-12-06T23:00:00Z', 'endTime': '2024-12-06T23:01:00Z', 'capacity': 0.0}, {'startTime': '2024-12-06T23:01:00Z', 'endTime': '2024-12-14T06:59:00Z', 'capacity': 0.0}, {'startTime': '2024-12-14T06:59:00Z', 'endTime': '2024-12-14T07:00:00Z', 'capacity': 395.0}]"
2024_large_upward_jump_16641,large_upward_jump,2024,2024-12-12 16:00:00+00:00,2024-12-12 16:30:00+00:00,521.0884,521.0884,16.831,1896.0,26253.0,3178.0,evening_peak,dec_stress,sudden_price_movement_check_internal_and_external_context,2024-12-12T14:00:00Z,2024-12-12T18:30:00Z,667220,667220,REMIT,11XINNOGY------2-NGET-RMT-00014616,2,2017-10-31T14:57:02Z,2017-10-31T14:57:02Z,UnavailabilitiesOfElectricityFacilities,Planned Unavailability of Generation Unit,Production unavailability,Planned,INNOGY01,11XINNOGY------2,T_STAY-2,Production,STAY-2,48W000000STAY-2W,,10YGB----------A,Fossil Gas,457.0,0.0,395.0,Dismissed,2024-12-06T23:00:00Z,2024-12-14T07:00:00Z,,Planned Outage,Forward Profile:<br>06-12-2024 23:00  395MW<br>06-12-2024 23:01  0MW<br>14-12-2024 07:00  395MW<br>,thermal_gas_unavailability,"[{'startTime': '2024-12-06T23:00:00Z', 'endTime': '2024-12-06T23:00:00Z', 'capacity': 395.0}, {'startTime': '2024-12-06T23:00:00Z', 'endTime': '2024-12-06T23:01:00Z', 'capacity': 0.0}, {'startTime': '2024-12-06T23:01:00Z', 'endTime': '2024-12-14T06:59:00Z', 'capacity': 0.0}, {'startTime': '2024-12-14T06:59:00Z', 'endTime': '2024-12-14T07:00:00Z', 'capacity': 395.0}]"
2024_large_upward_jump_16641,large_upward_jump,2024,2024-12-12 16:00:00+00:00,2024-12-12 16:30:00+00:00,521.0884,521.0884,16.831,1896.0,26253.0,3178.0,evening_peak,dec_stress,sudden_price_movement_check_internal_and_external_context,2024-12-12T14:00:00Z,2024-12-12T18:30:00Z,799994,799994,REMIT,48X000000000021C-NGET-RMT-00039435,2,2024-12-06T23:32:06Z,2024-12-06T23:31:26Z,UnavailabilitiesOfElectricityFacilities,Generated by Genstar4 from Enegen Power Systems.,Production unavailability,Planned,ICHPLLP,48X000000000021C,T_HUMR-1,,HUMR-1,48W100000HUMR-1N,,10YGB----------A,Fossil Gas,1230.0,1086.0,144.0,Dismissed,2024-12-07T00:00:00Z,2024-12-15T23:00:00Z,,Add. Capacity available to NG in the BM -see SONAR,,thermal_gas_unavailability,
2024_large_upward_jump_16641,large_upward_jump,2024,2024-12-12 16:00:00+00:00,2024-12-12 16:30:00+00:00,521.0884,521.0884,16.831,1896.0,26253.0,3178.0,evening_peak,dec_stress,sudden_price_movement_check_internal_and_external_context,2024-12-12T14:00:00Z,2024-12-12T18:30:00Z,800199,800199,REMIT,48X000000000021C-NGET-RMT-00039437,4,2024-12-08T23:47:05Z,2024-12-08T23:46:37Z,UnavailabilitiesOfElectricityFacilities,Generated by Genstar4 from Enegen Power Systems.,Production unavailability,Planned,ICHPLLP,48X000000000021C,T_HUMR-1,,HUMR-1,48W100000HUMR-1N,,10YGB----------A,Fossil Gas,1230.0,1078.0,152.0,Dismissed,2024-12-07T02:30:00Z,2024-12-15T23:00:00Z,,Add. Capacity available to NG in the BM -see SONAR,,thermal_gas_unavailability,
2024_large_upward_jump_16641,large_upward_jump,2024,2024-12-12 16:00:00+00:00,2024-12-12 16:30:00+00:00,521.0884,521.0884,16.831,1896.0,26253.0,3178.0,evening_peak,dec_stress,sudden_price_movement_check_internal_and_external_context,2024-12-12T14:00:00Z,2024-12-12T18:30:00Z,800625,800625,REMIT,48X0000000000365-ELXP-RMT-00000438,6,2024-12-13T07:30:06Z,2024-12-13T07:30:00Z,UnavailabilitiesOfElectricityFacilities,"New: MOWWL - Unavailability of T_MOWWO-4 at 2024-12-07 11:30:00, expected to last until 2024-12-11 17:00:00",Production unavailability,Planned,MOWWL,48WSTN000MOWWO4Y,T_MOWWO-4,Production,T_MOWWO-4,,,10YGB----------A,,287.0,233.3,53.7,Active,2024-12-07T11:30:00Z,2024-12-13T07:30:00Z,,Turbine commissioning,,other_unavailability_or_capacity_change,
2024_large_upward_jump_16641,large_upward_jump,2024,2024-12-12 16:00:00+00:00,2024-12-12 16:30:00+00:00,521.0884,521.0884,16.831,1896.0,26253.0,3178.0,evening_peak,dec_stress,sudden_price_movement_check_internal_and_external_context,2024-12-12T14:00:00Z,2024-12-12T18:30:00Z,804383,804383,REMIT,48X0000000000365-ELXP-RMT-00000340,17,2025-01-07T18:49:05Z,2025-01-07T18:48:19Z,UnavailabilitiesOfElectricityFacilities,"New: MOWWL - Unavailability of T_MOWWO-3 at 2024-12-07 11:30:00, expected to last until 2024-12-11 17:00:00",Production unavailability,Planned,MOWWL,48WSTN000MOWWO3Y,T_MOWWO-3,Production,T_MOWWO-3,,,10YGB----------A,,143.0,116.6,26.4,Active,2024-12-07T11:30:00Z,2025-01-07T18:48:13Z,,Turbine Commissioning.,,other_unavailability_or_capacity_change,
2024_large_upward_jump_16641,large_upward_jump,2024,2024-12-12 16:00:00+00:00,2024-12-12 16:30:00+00:00,521.0884,521.0884,16.831,1896.0,26253.0,3178.0,evening_peak,dec_stress,sudden_price_movement_check_internal_and_external_context,2024-12-12T14:00:00Z,2024-12-12T18:30:00Z,801383,801383,REMIT,23XINTG-CROYTONG-NGET-RMT-00032969,2,2024-12-19T10:06:05Z,2024-12-19T10:05:08Z,UnavailabilitiesOfElectricityFacilities,Generated by Genstar4 from Enegen Power Systems.,Production unavailability,Planned,CECL,23XINTG-CROYTONG,T_COSO-1,,COSO-1,48W000000COSO-1F,,10YGB----------A,Fossil Gas,700.0,346.0,354.0,Dismissed,2024-12-08T05:30:00Z,2024-12-23T13:00:00Z,,Planned Maintenance,,thermal_gas_unavailability,
2024_large_upward_jump_16641,large_upward_jump,2024,2024-12-12 16:00:00+00:00,2024-12-12 16:30:00+00:00,521.0884,521.0884,16.831,1896.0,26253.0,3178.0,evening_peak,dec_stress,sudden_price_movement_check_internal_and_external_context,2024-12-12T14:00:00Z,2024-12-12T18:30:00Z,799876,799876,REMIT,48X0000000002978-NGET-RMT-00013827,3,2024-12-06T07:45:56Z,2024-12-06T07:44:36Z,UnavailabilitiesOfElectricityFacilities,Actual Availablity of Generation Unit,Production unavailability,Planned,MOWEL,48X0000000002978,T_MOWEO-2,Production,MOWEO-2,48W00000MOWEO-2Y,N,10YGB----------A,Wind Offshore,316.0,300.0,16.0,Active,2024-12-09T00:00:00Z,2024-12-31T00:00:00Z, ,Planned Curtailment,This REMIT is also published to the Public Portal https://remit.gems.engie.co.uk,wind_unavailability,
2024_large_upward_jump_16641,large_upward_jump,2024,2024-12-12 16:00:00+00:00,2024-12-12 16:30:00+00:00,521.0884,521.0884,16.831,1896.0,26253.0,3178.0,evening_peak,dec_stress,sudden_price_movement_check_internal_and_external_context,2024-12-12T14:00:00Z,2024-12-12T18:30:00Z,799879,799879,REMIT,48X0000000002978-NGET-RMT-00013828,2,2024-12-06T07:51:57Z,2024-12-06T07:45:17Z,UnavailabilitiesOfElectricityFacilities,Actual Availablity of Generation Unit,Production unavailability,Planned,MOWEL,48X0000000002978,T_MOWEO-3,Production,MOWEO-3,48W00000MOWEO-3W,N,10YGB----------A,Wind Offshore,316.0,300.0,16.0,Active,2024-12-09T00:00:00Z,2024-12-31T00:00:00Z, ,Planned Curtailment,This REMIT is also published to the Public Portal https://remit.gems.engie.co.uk,wind_unavailability,
2024_large_upward_jump_16641,large_upward_jump,2024,2024-12-12 16:00:00+00:00,2024-12-12 16:30:00+00:00,521.0884,521.0884,16.831,1896.0,26253.0,3178.0,evening_peak,dec_stress,sudden_price_movement_check_internal_and_external_context,2024-12-12T14:00:00Z,2024-12-12T18:30:00Z,800845,800845,REMIT,48X000000000314Y-NGET-RMT-00009417,18,2024-12-15T14:34:04Z,2024-12-15T14:33:29Z,UnavailabilitiesOfElectricityFacilities,Planned Unavailability of Generation Unit,Production unavailability,Planned,VIKING,A0018737N.IE,T_VKNGW-1,,T_VKNGW-1,48W00000VKNGW-14,N,10YGB----------A,Wind Onshore,112.0,0.0,112.0,Active,2024-12-09T05:00:00Z,2024-12-15T22:00:00Z,,B19,Planned - Ongoing,wind_unavailability,
2024_large_upward_jump_16641,large_upward_jump,2024,2024-12-12 16:00:00+00:00,2024-12-12 16:30:00+00:00,521.0884,521.0884,16.831,1896.0,26253.0,3178.0,evening_peak,dec_stress,sudden_price_movement_check_internal_and_external_context,2024-12-12T14:00:00Z,2024-12-12T18:30:00Z,800800,800800,REMIT,48X000000000314Y-NGET-RMT-00009418,12,2024-12-14T19:27:04Z,2024-12-14T19:26:26Z,UnavailabilitiesOfElectricityFacilities,Planned Unavailability of Generation Unit,Production unavailability,Planned,VIKING,A0018737N.IE,T_VKNGW-2,,T_VKNGW-2,48W00000VKNGW-22,N,10YGB----------A,Wind Onshore,112.0,0.0,112.0,Active,2024-12-09T05:00:00Z,2024-12-15T04:00:00Z,,B19,Planned - Ongoing,wind_unavailability,
2024_large_upward_jump_16641,large_upward_jump,2024,2024-12-12 16:00:00+00:00,2024-12-12 16:30:00+00:00,521.0884,521.0884,16.831,1896.0,26253.0,3178.0,evening_peak,dec_stress,sudden_price_movement_check_internal_and_external_context,2024-12-12T14:00:00Z,2024-12-12T18:30:00Z,800801,800801,REMIT,48X000000000314Y-NGET-RMT-00009420,12,2024-12-14T19:28:05Z,2024-12-14T19:27:59Z,UnavailabilitiesOfElectricityFacilities,Planned Unavailability of Generation Unit,Production unavailability,Planned,VIKING,A0018737N.IE,T_VKNGW-4,,T_VKNGW-4,48W00000VKNGW-4Z,N,10YGB----------A,Wind Onshore,112.0,0.0,112.0,Active,2024-12-09T05:00:00Z,2024-12-15T04:00:00Z,,B19,Planned - Ongoing,wind_unavailability,
2024_large_upward_jump_16641,large_upward_jump,2024,2024-12-12 16:00:00+00:00,2024-12-12 16:30:00+00:00,521.0884,521.0884,16.831,1896.0,26253.0,3178.0,evening_peak,dec_stress,sudden_price_movement_check_internal_and_external_context,2024-12-12T14:00:00Z,2024-12-12T18:30:00Z,800803,800803,REMIT,48X000000000314Y-NGET-RMT-00009419,12,2024-12-14T19:33:05Z,2024-12-14T19:32:27Z,UnavailabilitiesOfElectricityFacilities,Planned Unavailability of Generation Unit,Production unavailability,Planned,VIKING,A0018737N.IE,T_VKNGW-3,,T_VKNGW-3,48W00000VKNGW-30,N,10YGB----------A,Wind Onshore,108.0,0.0,108.0,Active,2024-12-09T05:00:00Z,2024-12-15T04:00:00Z,,B19,Planned - Ongoing,wind_unavailability,
2024_large_upward_jump_16641,large_upward_jump,2024,2024-12-12 16:00:00+00:00,2024-12-12 16:30:00+00:00,521.0884,521.0884,16.831,1896.0,26253.0,3178.0,evening_peak,dec_stress,sudden_price_movement_check_internal_and_external_context,2024-12-12T14:00:00Z,2024-12-12T18:30:00Z,798928,798928,REMIT,48X000000000055W-NGET-RMT-00119786,5,2024-11-29T18:59:06Z,2024-11-29T18:58:45Z,UnavailabilitiesOfElectricityFacilities,Planned Unavailability of Generation Unit,Production unavailability,Planned,GYMOWL,48X000000000055W,T_GYMR-17,Production,GYMRO-17,48W0000GYMRO-17K,,10YGB----------A,Wind Offshore,148.0,0.0,90.0,Dismissed,2024-12-09T07:00:00Z,2024-12-17T18:00:00Z,,Planned Outage,Status changed to Cancelled,wind_unavailability,"[{'startTime': '2024-12-09T07:00:00Z', 'endTime': '2024-12-09T07:00:00Z', 'capacity': 90.0}, {'startTime': '2024-12-09T07:00:00Z', 'endTime': '2024-12-09T07:06:00Z', 'capacity': 0.0}, {'startTime': '2024-12-09T07:06:00Z', 'endTime': '2024-12-17T17:59:00Z', 'capacity': 0.0}, {'startTime': '2024-12-17T17:59:00Z', 'endTime': '2024-12-17T18:00:00Z', 'capacity': 90.0}]"
2024_large_upward_jump_16641,large_upward_jump,2024,2024-12-12 16:00:00+00:00,2024-12-12 16:30:00+00:00,521.0884,521.0884,16.831,1896.0,26253.0,3178.0,evening_peak,dec_stress,sudden_price_movement_check_internal_and_external_context,2024-12-12T14:00:00Z,2024-12-12T18:30:00Z,801202,801202,REMIT,48X000000000055W-NGET-RMT-00119785,30,2024-12-17T18:06:05Z,2024-12-17T18:00:11Z,UnavailabilitiesOfElectricityFacilities,Planned Unavailability of Generation Unit,Production unavailability,Planned,GYMOWL,48X000000000055W,T_GYMR-28,Production,GYMRO-28,48W0000GYMRO-28F,,10YGB----------A,Wind Offshore,148.0,0.0,0.0,Inactive,2024-12-09T07:00:00Z,2024-12-17T18:00:00Z,,Turbine / Generator,Status changed to Completed,wind_unavailability,"[{'startTime': '2024-12-09T07:00:00Z', 'endTime': '2024-12-09T07:00:00Z', 'capacity': 0.0}, {'startTime': '2024-12-09T07:00:00Z', 'endTime': '2024-12-17T17:59:00Z', 'capacity': 0.0}, {'startTime': '2024-12-17T17:59:00Z', 'endTime': '2024-12-17T18:00:00Z', 'capacity': 126.0}]"
2024_large_upward_jump_16641,large_upward_jump,2024,2024-12-12 16:00:00+00:00,2024-12-12 16:30:00+00:00,521.0884,521.0884,16.831,1896.0,26253.0,3178.0,evening_peak,dec_stress,sudden_price_movement_check_internal_and_external_context,2024-12-12T14:00:00Z,2024-12-12T18:30:00Z,801884,801884,REMIT,48X000000000080X-NGET-RMT-00015728,7,2024-12-23T11:02:05Z,2024-12-23T11:01:06Z,UnavailabilitiesOfElectricityFacilities,REMIT INFORMATION,Production unavailability,Unplanned,EECL,48X000000000080X,T_CNQPS-4,Production,CNQPS-4,48W00000CNQPS-48,N,10YGB----------A,Fossil Gas,345.0,285.0,60.0,Active,2024-12-09T15:00:00Z,2024-12-30T06:00:00Z,+- 1 day,Under investigation,REMIT,thermal_gas_unavailability,
2024_large_upward_jump_16641,large_upward_jump,2024,2024-12-12 16:00:00+00:00,2024-12-12 16:30:00+00:00,521.0884,521.0884,16.831,1896.0,26253.0,3178.0,evening_peak,dec_stress,sudden_price_movement_check_internal_and_external_context,2024-12-12T14:00:00Z,2024-12-12T18:30:00Z,800680,800680,REMIT,48X000000000021C-NGET-RMT-00039445,9,2024-12-13T13:31:06Z,2024-12-13T13:30:46Z,UnavailabilitiesOfElectricityFacilities,Generated by Genstar4 from Enegen Power Systems.,Production unavailability,Planned,ICHPLLP,48X000000000021C,T_HUMR-1,,HUMR-1,48W100000HUMR-1N,,10YGB----------A,Fossil Gas,1230.0,1115.0,115.0,Dismissed,2024-12-10T14:30:00Z,2024-12-15T23:00:00Z,,Steam Turbine,,thermal_gas_unavailability,
2024_large_upward_jump_16641,large_upward_jump,2024,2024-12-12 16:00:00+00:00,2024-12-12 16:30:00+00:00,521.0884,521.0884,16.831,1896.0,26253.0,3178.0,evening_peak,dec_stress,sudden_price_movement_check_internal_and_external_context,2024-12-12T14:00:00Z,2024-12-12T18:30:00Z,800522,800522,REMIT,48X000000000063X-NGET-RMT-00026466,3,2024-12-11T14:21:58Z,2024-12-11T14:16:00Z,UnavailabilitiesOfElectricityFacilities,REMIT Information,Production unavailability,Unplanned,LYNPOWER,48X000000000063X,E_LYNE2,Production,LNMTH-2,48W00000LNMTH-2P,B7,10YGB----------A,Biomass,133.0,128.0,5.0,Dismissed,2024-12-11T14:30:00Z,2024-12-13T23:00:00Z,,Plant Available,Event automatically withdrawn.,other_unavailability_or_capacity_change,
2024_large_upward_jump_16641,large_upward_jump,2024,2024-12-12 16:00:00+00:00,2024-12-12 16:30:00+00:00,521.0884,521.0884,16.831,1896.0,26253.0,3178.0,evening_peak,dec_stress,sudden_price_movement_check_internal_and_external_context,2024-12-12T14:00:00Z,2024-12-12T18:30:00Z,800518,800518,REMIT,48X000000000063X-NGET-RMT-00692353,1,2024-12-11T14:15:09Z,2024-12-11T14:10:26Z,UnavailabilitiesOfElectricityFacilities,REMIT Information,Production unavailability,Planned,EPL001,48X000000000063X,E_LYNE2,Production,LNMTH-2,48W00000LNMTH-2P,B7,10YGB----------A,Biomass,133.0,128.0,5.0,Active,2024-12-11T14:30:00Z,2024-12-13T23:00:00Z,,Load profiling,,other_unavailability_or_capacity_change,
2024_large_upward_jump_16641,large_upward_jump,2024,2024-12-12 16:00:00+00:00,2024-12-12 16:30:00+00:00,521.0884,521.0884,16.831,1896.0,26253.0,3178.0,evening_peak,dec_stress,sudden_price_movement_check_internal_and_external_context,2024-12-12T14:00:00Z,2024-12-12T18:30:00Z,799939,799939,REMIT,48X000000000277E-NGET-RMT-00005162,2,2024-12-06T13:57:06Z,2024-12-06T13:56:18Z,UnavailabilitiesOfElectricityFacilities,Generated by Genstar4 from Enegen Power Systems.,Production unavailability,Planned,FDUN1,48X000000000277E,E_EXETR-2,,EXETR-2,48W00000EXETR-2J,,10YGB----------A,Fossil Gas,45.0,0.0,45.0,Dismissed,2024-12-12T08:00:00Z,2024-12-12T17:00:00Z,,Scavenge Line Inspection & Cleaning,,thermal_gas_unavailability,
2024_large_upward_jump_16641,large_upward_jump,2024,2024-12-12 16:00:00+00:00,2024-12-12 16:30:00+00:00,521.0884,521.0884,16.831,1896.0,26253.0,3178.0,evening_peak,dec_stress,sudden_price_movement_check_internal_and_external_context,2024-12-12T14:00:00Z,2024-12-12T18:30:00Z,802281,802281,REMIT,48X000000000225X-NGET-RMT-00001530,14,2024-12-27T16:36:40Z,2024-12-27T16:34:00Z,UnavailabilitiesOfElectricityFacilities,REMIT Information,Production unavailability,Unplanned,TEESREP,48X000000000225X,T_TSREP-1,Production,TSREP-1,48W00000TSREP-1F,B1,10YGB----------A,Biomass,285.0,0.0,285.0,Active,2024-12-12T09:30:00Z,2024-12-27T17:00:00Z,,Forced Outage,,other_unavailability_or_capacity_change,
2024_large_upward_jump_16641,large_upward_jump,2024,2024-12-12 16:00:00+00:00,2024-12-12 16:30:00+00:00,521.0884,521.0884,16.831,1896.0,26253.0,3178.0,evening_peak,dec_stress,sudden_price_movement_check_internal_and_external_context,2024-12-12T14:00:00Z,2024-12-12T18:30:00Z,799581,799581,REMIT,48X000000000284H-ELXP-RMT-00000573,1,2024-12-04T11:06:07Z,2024-12-04T11:05:01Z,UnavailabilitiesOfElectricityFacilities,"TESLA partial unavailability of E_ROARB-1, at 2024-12-12T10:30:00.000Z, expected to last until 2024-12-17T16:30:00.000Z",Production unavailability,Planned,TESLA,48X000000000284H,E_ROARB-1,,ROARB-1,,,10YGB----------A,,52.526,28.0,24.526,Active,2024-12-12T10:30:00Z,2024-12-17T16:30:00Z,,DNO Outage,,other_unavailability_or_capacity_change,
2024_large_upward_jump_16641,large_upward_jump,2024,2024-12-12 16:00:00+00:00,2024-12-12 16:30:00+00:00,521.0884,521.0884,16.831,1896.0,26253.0,3178.0,evening_peak,dec_stress,sudden_price_movement_check_internal_and_external_context,2024-12-12T14:00:00Z,2024-12-12T18:30:00Z,800606,800606,REMIT,48X000000000045Z-NGET-RMT-00133152,6,2024-12-13T04:43:06Z,2024-12-13T04:42:00Z,UnavailabilitiesOfElectricityFacilities,REMIT Information,Production unavailability,Unplanned,WESTBURB,48X000000000045Z,T_WBURB-1,Production,WBURB-1,48W00000WBURB-19,B1,10YGB----------A,Fossil Gas,435.0,405.0,30.0,Active,2024-12-12T12:30:00Z,2024-12-13T04:30:00Z,,Unplanned,"
",thermal_gas_unavailability,
2024_large_upward_jump_16641,large_upward_jump,2024,2024-12-12 16:00:00+00:00,2024-12-12 16:30:00+00:00,521.0884,521.0884,16.831,1896.0,26253.0,3178.0,evening_peak,dec_stress,sudden_price_movement_check_internal_and_external_context,2024-12-12T14:00:00Z,2024-12-12T18:30:00Z,800517,800517,REMIT,4001659175227890-ELXP-RMT-12345678,1,2024-12-11T13:52:06Z,2024-12-11T13:51:57Z,UnavailabilitiesOfElectricityFacilities,"New: EILIA - Unavailability of I_IEG-EWIC1 at 2024-12-12 13:00:00, expected to last until 2024-12-12 20:00:00",Transmission unavailability,Unplanned,EILIA,10Z-GB-IE-000018,I_IEG-EWIC1,Production,I_IEG-EWIC1,,,10YGB----------B,,0.0,0.0,500.0,Active,2024-12-12T13:00:00Z,2024-12-12T20:00:00Z,,NTC Reduction,,other_unavailability_or_capacity_change,"[{'startTime': '2024-12-12T13:00:00Z', 'endTime': '2024-12-12T14:00:00Z', 'capacity': 300.0}, {'startTime': '2024-12-12T14:00:00Z', 'endTime': '2024-12-12T19:00:00Z', 'capacity': 0.0}, {'startTime': '2024-12-12T19:00:00Z', 'endTime': '2024-12-12T20:00:00Z', 'capacity': 300.0}]"
2024_large_upward_jump_16641,large_upward_jump,2024,2024-12-12 16:00:00+00:00,2024-12-12 16:30:00+00:00,521.0884,521.0884,16.831,1896.0,26253.0,3178.0,evening_peak,dec_stress,sudden_price_movement_check_internal_and_external_context,2024-12-12T14:00:00Z,2024-12-12T18:30:00Z,800514,800514,REMIT,2024121214000001-ELXP-RMT-20241212,1,2024-12-11T13:19:07Z,2024-12-11T13:19:00Z,UnavailabilitiesOfElectricityFacilities,"New: SONILTD - Unavailability of I_IEG-MOYL1 at 2024-12-12 14:00:00, expected to last until 2024-12-12 21:00:00",Other unavailability,Unplanned,SONILTD,47X000000000211M,I_IEG-MOYL1,Production,I_IEG-MOYL1,,,10YGB----------B,,0.0,0.0,500.0,Active,2024-12-12T14:00:00Z,2024-12-12T21:00:00Z,,SONI TSO restricting NI to GB flows,MW values in this message relate to the interconnector’s technical capacity. Market capacity on a given day may be different from this and is the result of constraints imposed by onshore TSOs. Full details can be found at https://www.mutual-energy.com/electricity/#moyle-capacity,interconnector_unavailability,"[{'startTime': '2024-12-12T14:00:00Z', 'endTime': '2024-12-12T15:00:00Z', 'capacity': 300.0}, {'startTime': '2024-12-12T15:00:00Z', 'endTime': '2024-12-12T20:00:00Z', 'capacity': 0.0}, {'startTime': '2024-12-12T20:00:00Z', 'endTime': '2024-12-12T21:00:00Z', 'capacity': 300.0}]"
2024_large_upward_jump_16641,large_upward_jump,2024,2024-12-12 16:00:00+00:00,2024-12-12 16:30:00+00:00,521.0884,521.0884,16.831,1896.0,26253.0,3178.0,evening_peak,dec_stress,sudden_price_movement_check_internal_and_external_context,2024-12-12T14:00:00Z,2024-12-12T18:30:00Z,800597,800597,REMIT,48X000000000277E-NGET-RMT-00005287,2,2024-12-12T21:01:05Z,2024-12-12T21:00:03Z,UnavailabilitiesOfElectricityFacilities,Generated by Genstar4 from Enegen Power Systems.,Production unavailability,Unplanned,FDUN1,48X000000000277E,E_EXETR-2,,EXETR-2,48W00000EXETR-2J,,10YGB----------A,Fossil Gas,45.0,0.0,45.0,Inactive,2024-12-12T16:30:00Z,2024-12-12T21:00:00Z,,Plant Fault,,thermal_gas_unavailability,
