source_period,year,case_id,case_type,event_window_start,event_window_end,max_price,min_price,avg_price,dominant_time_band,regime_group,avg_imbalance,avg_wind,avg_gas,avg_interconnectors,internal_driver_summary,price_behaviour,regime_interpretation,paper_use,remit_context_type,dominant_repeated_assets,dominant_case_specific_assets,final_paper_interpretation
2023_2024,2023,Case 1,q1_compound_scarcity_spike,2023-03-07,,1950.0,,,evening_peak,q1_stress,,,,,compound_scarcity+q1_stress+upper_tail_spike,Major positive spike event,Q1 2023 represents a compound scarcity architecture where elevated price risk was linked to broad system stress rather than a single isolated driver.,Use as the main 2023 stress benchmark. This case anchors the paper's argument that 2023 upper-tail imbalance prices were concentrated in a Q1 scarcity regime.,not_reassessed_in_2025_remit_overlay,,,This 2023 case provides historical evidence for the regime-based price-formation framework. The case reached a maximum price of 1950.0 in the q1_stress regime. It is used as part of the 2023–2024 foundation showing that imbalance price spikes were linked to system regime conditions rather than random isolated events.
2023_2024,2024,Case 2,late_year_transition_spike,2024-10-14,,669.212,,,evening_peak,oct_nov_transition,,,,,late_year_transition+upper_tail_return,Positive spike event,October–November 2024 marks a late-year transition regime where upper-tail stress began to reappear after a quiet first half of the year.,"Use as a transition case showing that 2024 stress did not emerge in Q1 like 2023, but began to return later in the year.",not_reassessed_in_2025_remit_overlay,,,This 2024 case provides historical evidence for the regime-based price-formation framework. The case reached a maximum price of 669.212 in the oct_nov_transition regime. It is used as part of the 2023–2024 foundation showing that imbalance price spikes were linked to system regime conditions rather than random isolated events.
2023_2024,2024,Case 3,december_physical_scarcity_spike,2024-12-11,,590.4504,,,midday,dec_stress,,,,,physical_scarcity+low_wind+high_gas+december_stress,Positive spike event,"December 2024 represents the main physical scarcity regime of 2024, with upper-tail events linked to tighter physical system conditions.","Use as the main 2024 stress benchmark. This case supports the argument that 2024 scarcity was late-year and physically driven, unlike the broader Q1 2023 stress regime.",not_reassessed_in_2025_remit_overlay,,,This 2024 case provides historical evidence for the regime-based price-formation framework. The case reached a maximum price of 590.4504 in the dec_stress regime. It is used as part of the 2023–2024 foundation showing that imbalance price spikes were linked to system regime conditions rather than random isolated events.
2023_2024,2024,Case 4,december_physical_scarcity_spike,2024-12-12,,521.0884,,,evening_peak,dec_stress,,,,,physical_scarcity+low_wind+high_gas+december_stress,Positive spike event,"December 2024 represents the main physical scarcity regime of 2024, with upper-tail events linked to tighter physical system conditions.","Use as the main 2024 stress benchmark. This case supports the argument that 2024 scarcity was late-year and physically driven, unlike the broader Q1 2023 stress regime.",not_reassessed_in_2025_remit_overlay,,,This 2024 case provides historical evidence for the regime-based price-formation framework. The case reached a maximum price of 521.0884 in the dec_stress regime. It is used as part of the 2023–2024 foundation showing that imbalance price spikes were linked to system regime conditions rather than random isolated events.
2025,2025,2025_case_01_jan_08_extreme_spike,extreme_positive_spike,2025-01-08 10:00:00+00:00,2025-01-08 21:30:00+00:00,2900.0,112.0,983.3562,midday,jan_spike_stress,112.5269,2819.466,24021.7191,4141.3457,sudden_price_movement_check_internal_and_external_context,Extreme positive spike / upper-tail discontinuity,"January 2025 represents a clear scarcity-led upper-tail regime, where very low wind output, very high gas generation and system tightness created repeated positive imbalance price stress.",Use as the main 2025 upper-tail case study. This event demonstrates the largest observed 2025 price discontinuity and anchors the 2025 scarcity extension of the paper.,repeated_background_external_context,"NGIFA, SSETGSL, KGL, BEGL001, DRAX",NGVLL,"This 2025 extreme_positive_spike case reached a maximum price of 2900.0 in the jan_spike_stress regime. The dominant time band was midday. The internal market fingerprint was sudden_price_movement_check_internal_and_external_context. The REMIT overlay classifies this case as repeated_background_external_context. This means the event should be interpreted primarily through the internal market regime, while external asset-availability conditions acted as a reinforcing background context. The dominant repeated REMIT assets were NGIFA, SSETGSL, KGL, BEGL001, DRAX. Case-specific REMIT assets included NGVLL. Therefore, this case supports the paper's central argument that GB imbalance price tails are regime-led, with REMIT availability evidence acting as a contextual reinforcement rather than simple one-outage causality."
2025,2025,2025_case_02_jan_20_evening_scarcity,evening_scarcity_spike,2025-01-20 05:00:00+00:00,2025-01-20 21:00:00+00:00,678.4771,87.85,309.4849,evening_peak,jan_spike_stress,53.5501,2281.3333,26359.8125,1845.6667,sudden_price_movement_check_internal_and_external_context,Positive spike event / upper-tail price stress,"January 2025 represents a clear scarcity-led upper-tail regime, where very low wind output, very high gas generation and system tightness created repeated positive imbalance price stress.",Use as a secondary January scarcity case. It supports the argument that January 2025 contained repeated scarcity events rather than one isolated spike.,repeated_background_external_context,"NGIFA, CENLANG, BEGL001, DRAX, INNOGY01, DEESIDE",,"This 2025 evening_scarcity_spike case reached a maximum price of 678.4771 in the jan_spike_stress regime. The dominant time band was evening_peak. The internal market fingerprint was sudden_price_movement_check_internal_and_external_context. The REMIT overlay classifies this case as repeated_background_external_context. This means the event should be interpreted primarily through the internal market regime, while external asset-availability conditions acted as a reinforcing background context. The dominant repeated REMIT assets were NGIFA, CENLANG, BEGL001, DRAX, INNOGY01, DEESIDE. Therefore, this case supports the paper's central argument that GB imbalance price tails are regime-led, with REMIT availability evidence acting as a contextual reinforcement rather than simple one-outage causality."
2025,2025,2025_case_03_jan_22_morning_ramp_scarcity,morning_ramp_scarcity_spike,2025-01-22 04:30:00+00:00,2025-01-22 09:00:00+00:00,450.0,199.0697,355.8139,morning_ramp,jan_spike_stress,146.2095,113.4,25978.6,2085.2,sudden_price_movement_check_internal_and_external_context,Positive spike event / upper-tail price stress,"January 2025 represents a clear scarcity-led upper-tail regime, where very low wind output, very high gas generation and system tightness created repeated positive imbalance price stress.",Use as a morning-ramp scarcity case. It shows that 2025 upper-tail stress was not limited to the evening peak.,repeated_background_external_context,"NGIFA, BEGL001, DRAX, DEESIDE, KGL, EECL",,"This 2025 morning_ramp_scarcity_spike case reached a maximum price of 450.0 in the jan_spike_stress regime. The dominant time band was morning_ramp. The internal market fingerprint was sudden_price_movement_check_internal_and_external_context. The REMIT overlay classifies this case as repeated_background_external_context. This means the event should be interpreted primarily through the internal market regime, while external asset-availability conditions acted as a reinforcing background context. The dominant repeated REMIT assets were NGIFA, BEGL001, DRAX, DEESIDE, KGL, EECL. Therefore, this case supports the paper's central argument that GB imbalance price tails are regime-led, with REMIT availability evidence acting as a contextual reinforcement rather than simple one-outage causality."
2025,2025,2025_case_04_jun_30_mixed_tail_spike,mixed_tail_positive_spike,2025-06-30 14:30:00+00:00,2025-06-30 21:30:00+00:00,423.85,76.3,279.0315,evening_peak,jun_mixed_tail,650.2377,7082.8194,12475.2639,1144.5278,low_wind+very_positive_imbalance+lower_interconnector_support,Positive spike event / upper-tail price stress,"June 2025 represents a mixed-tail regime, where both positive spike risk and negative-price risk appeared depending on the direction of imbalance, wind output and interconnector support.",Use as the main summer positive-spike case. It shows that spike risk in 2025 was not purely a winter phenomenon.,repeated_background_external_context,"NGIFA, KGL, SPGEN01, SEABANK, CECL, INNOGY01",,"This 2025 mixed_tail_positive_spike case reached a maximum price of 423.85 in the jun_mixed_tail regime. The dominant time band was evening_peak. The internal market fingerprint was low_wind+very_positive_imbalance+lower_interconnector_support. The REMIT overlay classifies this case as repeated_background_external_context. This means the event should be interpreted primarily through the internal market regime, while external asset-availability conditions acted as a reinforcing background context. The dominant repeated REMIT assets were NGIFA, KGL, SPGEN01, SEABANK, CECL, INNOGY01. Therefore, this case supports the paper's central argument that GB imbalance price tails are regime-led, with REMIT availability evidence acting as a contextual reinforcement rather than simple one-outage causality."
2025,2025,2025_case_05_jul_01_near_spike,near_spike_continuation,2025-07-01 15:00:00+00:00,2025-07-01 19:30:00+00:00,263.58,102.0,219.425,evening_peak,jul_sep_surplus,235.9436,4023.5,14227.75,2328.5,sudden_price_movement_check_internal_and_external_context,Near-spike / partial upper-tail conversion,"July–September 2025 represents a surplus-sensitive regime, where high wind and negative imbalance increased lower-tail risk, although some evening near-spike conditions still occurred.",Use as a near-spike comparison case. It helps explain why stressed conditions sometimes convert only partially into upper-tail prices.,repeated_background_external_context,"KGL, SPGEN01, SEABANK, CECL, INNOGY01, DRAX",,"This 2025 near_spike_continuation case reached a maximum price of 263.58 in the jul_sep_surplus regime. The dominant time band was evening_peak. The internal market fingerprint was sudden_price_movement_check_internal_and_external_context. The REMIT overlay classifies this case as repeated_background_external_context. This means the event should be interpreted primarily through the internal market regime, while external asset-availability conditions acted as a reinforcing background context. The dominant repeated REMIT assets were KGL, SPGEN01, SEABANK, CECL, INNOGY01, DRAX. Therefore, this case supports the paper's central argument that GB imbalance price tails are regime-led, with REMIT availability evidence acting as a contextual reinforcement rather than simple one-outage causality."
2025,2025,2025_case_06_oct_13_autumn_spike,autumn_mixed_transition_spike,2025-10-13 09:30:00+00:00,2025-10-13 19:30:00+00:00,487.0,95.0,297.8783,midday,oct_mixed_transition,180.1893,1040.6667,21930.8056,3337.0,sudden_price_movement_check_internal_and_external_context,Positive spike event / upper-tail price stress,"October 2025 represents an autumn transition regime, where upper-tail stress reappeared under low wind, high gas generation and tighter evening or intraday conditions.","Use as the main autumn transition case. It shows renewed upper-tail stress under low wind, high gas and tightening system conditions.",repeated_background_external_context,"NGIFA, CENLANG, ICHPLLP, BEGL001, DRAX, CECL",ELECL1,"This 2025 autumn_mixed_transition_spike case reached a maximum price of 487.0 in the oct_mixed_transition regime. The dominant time band was midday. The internal market fingerprint was sudden_price_movement_check_internal_and_external_context. The REMIT overlay classifies this case as repeated_background_external_context. This means the event should be interpreted primarily through the internal market regime, while external asset-availability conditions acted as a reinforcing background context. The dominant repeated REMIT assets were NGIFA, CENLANG, ICHPLLP, BEGL001, DRAX, CECL. Case-specific REMIT assets included ELECL1. Therefore, this case supports the paper's central argument that GB imbalance price tails are regime-led, with REMIT availability evidence acting as a contextual reinforcement rather than simple one-outage causality."
2025,2025,2025_case_07_oct_14_evening_spike,autumn_evening_spike,2025-10-14 15:00:00+00:00,2025-10-14 19:00:00+00:00,300.0,90.0,247.5,evening_peak,oct_mixed_transition,10.2585,3639.5,22552.75,1931.0,sudden_price_movement_check_internal_and_external_context,Positive spike event / upper-tail price stress,"October 2025 represents an autumn transition regime, where upper-tail stress reappeared under low wind, high gas generation and tighter evening or intraday conditions.",Use as a repeated October evening-spike case. It supports the argument that autumn 2025 contained recurring mixed-transition stress.,repeated_background_external_context,"NGIFA, CENLANG, ICHPLLP, BEGL001, DRAX, CECL",ELECL1,"This 2025 autumn_evening_spike case reached a maximum price of 300.0 in the oct_mixed_transition regime. The dominant time band was evening_peak. The internal market fingerprint was sudden_price_movement_check_internal_and_external_context. The REMIT overlay classifies this case as repeated_background_external_context. This means the event should be interpreted primarily through the internal market regime, while external asset-availability conditions acted as a reinforcing background context. The dominant repeated REMIT assets were NGIFA, CENLANG, ICHPLLP, BEGL001, DRAX, CECL. Case-specific REMIT assets included ELECL1. Therefore, this case supports the paper's central argument that GB imbalance price tails are regime-led, with REMIT availability evidence acting as a contextual reinforcement rather than simple one-outage causality."
2025,2025,2025_case_08_oct_22_evening_spike,autumn_evening_spike,2025-10-22 13:30:00+00:00,2025-10-22 19:30:00+00:00,315.1,76.41,230.9938,evening_peak,oct_mixed_transition,274.7258,2228.375,19440.125,3955.9167,sudden_price_movement_check_internal_and_external_context,Positive spike event / upper-tail price stress,"October 2025 represents an autumn transition regime, where upper-tail stress reappeared under low wind, high gas generation and tighter evening or intraday conditions.",Use as a repeated October evening-spike case. It supports the argument that autumn 2025 contained recurring mixed-transition stress.,repeated_background_external_context,"SSETGSL, ICHPLLP, BEGL001, DRAX, DEESIDE, KGL",,"This 2025 autumn_evening_spike case reached a maximum price of 315.1 in the oct_mixed_transition regime. The dominant time band was evening_peak. The internal market fingerprint was sudden_price_movement_check_internal_and_external_context. The REMIT overlay classifies this case as repeated_background_external_context. This means the event should be interpreted primarily through the internal market regime, while external asset-availability conditions acted as a reinforcing background context. The dominant repeated REMIT assets were SSETGSL, ICHPLLP, BEGL001, DRAX, DEESIDE, KGL. Therefore, this case supports the paper's central argument that GB imbalance price tails are regime-led, with REMIT availability evidence acting as a contextual reinforcement rather than simple one-outage causality."
2025,2025,2025_case_09_mar_30_negative_price_cluster,negative_price_cluster,2025-03-30 01:30:00+00:00,2025-03-30 18:00:00+00:00,-0.46,-95.0,-16.1505,night,feb_mar_broad_stress,-929.5982,14155.119,3201.7593,-1428.2434,high_wind+negative_imbalance+lower_interconnector_support,Negative-price cluster / lower-tail event,"February–March 2025 represents a broad stress and surplus interaction period, where high wind and negative imbalance contributed to lower-tail price formation.",Use as a lower-tail comparison case. It shows that the same regime-based framework can explain negative-price formation as well as positive spikes.,repeated_background_external_context,"INNOGY01, DRAX, BEGL001, DEESIDE, KGL, EECL",,"This 2025 negative_price_cluster case reached a maximum price of -0.46 in the feb_mar_broad_stress regime. The dominant time band was night. The internal market fingerprint was high_wind+negative_imbalance+lower_interconnector_support. The REMIT overlay classifies this case as repeated_background_external_context. This means the event should be interpreted primarily through the internal market regime, while external asset-availability conditions acted as a reinforcing background context. The dominant repeated REMIT assets were INNOGY01, DRAX, BEGL001, DEESIDE, KGL, EECL. Therefore, this case supports the paper's central argument that GB imbalance price tails are regime-led, with REMIT availability evidence acting as a contextual reinforcement rather than simple one-outage causality."
2025,2025,2025_case_10_apr_05_negative_price_cluster,negative_price_cluster,2025-04-05 03:00:00+00:00,2025-04-05 17:30:00+00:00,105.0,-87.32,13.0547,afternoon,apr_may_surplus_shift,-322.3418,8131.375,2573.75,3427.0,low_wind+negative_imbalance,Negative-price cluster / lower-tail event,"April–May 2025 represents a surplus-shift regime, where lower thermal demand and negative imbalance increased exposure to negative or low prices.",Use as a lower-tail comparison case. It shows that the same regime-based framework can explain negative-price formation as well as positive spikes.,repeated_background_external_context,"NGIFA, KGL, SEABANK, SPGEN01, DRAX, BEGL001",,"This 2025 negative_price_cluster case reached a maximum price of 105.0 in the apr_may_surplus_shift regime. The dominant time band was afternoon. The internal market fingerprint was low_wind+negative_imbalance. The REMIT overlay classifies this case as repeated_background_external_context. This means the event should be interpreted primarily through the internal market regime, while external asset-availability conditions acted as a reinforcing background context. The dominant repeated REMIT assets were NGIFA, KGL, SEABANK, SPGEN01, DRAX, BEGL001. Therefore, this case supports the paper's central argument that GB imbalance price tails are regime-led, with REMIT availability evidence acting as a contextual reinforcement rather than simple one-outage causality."
2025,2025,2025_case_11_jun_22_negative_price_cluster,negative_price_cluster,2025-06-22 00:30:00+00:00,2025-06-22 17:30:00+00:00,-1.23,-78.67,-34.7837,afternoon,jun_mixed_tail,-899.4649,10424.7778,2475.8889,583.3333,high_wind+negative_imbalance+lower_interconnector_support,Negative-price cluster / lower-tail event,"June 2025 represents a mixed-tail regime, where both positive spike risk and negative-price risk appeared depending on the direction of imbalance, wind output and interconnector support.",Use as a lower-tail comparison case. It shows that the same regime-based framework can explain negative-price formation as well as positive spikes.,repeated_background_external_context,"NGIFA, CENLANG, SPGEN01, SEABANK, KGL, CECL",SUTTBRGE,"This 2025 negative_price_cluster case reached a maximum price of -1.23 in the jun_mixed_tail regime. The dominant time band was afternoon. The internal market fingerprint was high_wind+negative_imbalance+lower_interconnector_support. The REMIT overlay classifies this case as repeated_background_external_context. This means the event should be interpreted primarily through the internal market regime, while external asset-availability conditions acted as a reinforcing background context. The dominant repeated REMIT assets were NGIFA, CENLANG, SPGEN01, SEABANK, KGL, CECL. Case-specific REMIT assets included SUTTBRGE. Therefore, this case supports the paper's central argument that GB imbalance price tails are regime-led, with REMIT availability evidence acting as a contextual reinforcement rather than simple one-outage causality."
2025,2025,2025_case_12_sep_06_negative_price_cluster,negative_price_cluster,2025-09-06 07:00:00+00:00,2025-09-06 23:30:00+00:00,-0.75,-87.0,-20.827,late_evening,jul_sep_surplus,-502.2066,17526.3873,4178.4706,-1412.9216,high_wind+negative_imbalance+lower_interconnector_support,Negative-price cluster / lower-tail event,"July–September 2025 represents a surplus-sensitive regime, where high wind and negative imbalance increased lower-tail risk, although some evening near-spike conditions still occurred.",Use as a lower-tail comparison case. It shows that the same regime-based framework can explain negative-price formation as well as positive spikes.,repeated_background_external_context,"SSETGSL, CENLANG, ICHPLLP, KGL, SPGEN01, SEABANK",,"This 2025 negative_price_cluster case reached a maximum price of -0.75 in the jul_sep_surplus regime. The dominant time band was late_evening. The internal market fingerprint was high_wind+negative_imbalance+lower_interconnector_support. The REMIT overlay classifies this case as repeated_background_external_context. This means the event should be interpreted primarily through the internal market regime, while external asset-availability conditions acted as a reinforcing background context. The dominant repeated REMIT assets were SSETGSL, CENLANG, ICHPLLP, KGL, SPGEN01, SEABANK. Therefore, this case supports the paper's central argument that GB imbalance price tails are regime-led, with REMIT availability evidence acting as a contextual reinforcement rather than simple one-outage causality."
